month,exercise_name,total_sets,total_volume_kg,avg_weight_kg,best_1rm_kg
2020-05-01,Incline Bench Press (Barbell),3,1260.0,60.0,76.0
2020-05-01,Lateral Raise (Cable),3,315.0,7.5,11.3
2020-05-01,Leg Press,3,5650.0,183.3,260.0
2020-05-01,Lying Leg Curl (Machine),3,560.0,17.5,24.5
2020-05-01,Pull Up,4,205.0,5.0,7.2
2020-05-01,Triceps Extension (Cable),3,568.0,12.5,21.0
2020-06-01,Bench Press (Barbell),18,9298.0,73.8,95.0
2020-06-01,Bent Over Row (Barbell),3,1745.0,51.7,73.3
2020-06-01,Bicep Curl (Barbell),18,3584.0,18.7,31.5
2020-06-01,Bicep Curl (Cable),15,1938.0,11.3,29.8
2020-06-01,Bicep Curl (Dumbbell),6,696.0,10.7,17.2
2020-06-01,Chest Fly,6,3389.0,54.1,77.0
2020-06-01,Chest Press (Machine),3,1600.0,50.0,70.0
2020-06-01,Deadlift (Barbell),3,1400.0,93.3,116.7
2020-06-01,Face Pull (Cable),3,625.0,16.3,28.3
2020-06-01,Incline Bench Press (Barbell),3,1380.0,60.0,76.0
2020-06-01,Incline Bench Press (Dumbbell),16,3780.0,29.4,40.0
2020-06-01,Incline Chest Press (Machine),3,690.0,31.7,42.0
2020-06-01,Lat Pulldown (Cable),14,7630.0,65.7,101.3
2020-06-01,Lateral Raise (Cable),15,1296.0,6.8,11.7
2020-06-01,Leg Extension (Machine),9,7355.0,71.7,114.7
2020-06-01,Leg Press,16,33820.0,194.4,316.7
2020-06-01,Lying Leg Curl (Machine),13,3506.0,26.5,56.0
2020-06-01,Pull Up,15,1020.0,7.7,13.3
2020-06-01,Reverse Fly (Machine),12,6485.0,44.8,66.5
2020-06-01,Seated Leg Press (Machine),9,10480.0,105.8,157.7
2020-06-01,Seated Overhead Press (Dumbbell),21,3760.0,22.0,30.4
2020-06-01,Seated Row (Cable),9,6400.0,75.6,104.0
2020-06-01,Seated Row (Machine),10,8288.0,74.8,112.0
2020-06-01,Shoulder Press (Machine),22,7435.0,38.6,58.5
2020-06-01,Shrug (Dumbbell),3,760.0,20.0,29.3
2020-06-01,Skullcrusher (Barbell),9,2138.0,20.0,31.5
2020-06-01,Squat (Barbell),6,2785.0,71.7,90.0
2020-06-01,Triceps Extension (Cable),6,1340.0,19.9,30.1
2020-06-01,Triceps Pushdown (Cable - Straight Bar),9,2070.0,19.3,29.0
2020-07-01,Arnold Press (Dumbbell),6,1040.0,20.0,27.3
2020-07-01,Bench Press (Barbell),14,6450.0,77.9,98.7
2020-07-01,Bent Over Row (Barbell),9,5555.0,62.2,88.8
2020-07-01,Bicep Curl (Barbell),6,1775.0,25.0,36.7
2020-07-01,Bicep Curl (Cable),15,1498.0,9.1,14.6
2020-07-01,Bicep Curl (Dumbbell),3,348.0,12.0,16.8
2020-07-01,Cable Crossover,17,2124.0,10.6,16.9
2020-07-01,Chest Dip,12,2475.0,17.5,30.7
2020-07-01,Chest Fly,6,4028.0,58.8,91.0
2020-07-01,Chest Press (Machine),3,1595.0,51.7,78.0
2020-07-01,Deadlift (Barbell),6,4220.0,98.7,128.3
2020-07-01,Face Pull (Cable),6,1300.0,16.3,24.9
2020-07-01,Hammer Curl (Dumbbell),6,696.0,12.0,16.4
2020-07-01,Incline Bench Press (Dumbbell),9,2282.0,31.8,43.7
2020-07-01,Incline Curl (Dumbbell),3,240.0,10.0,12.7
2020-07-01,Lat Pulldown (Cable),3,2240.0,70.0,102.7
2020-07-01,Lat Pulldown (Machine),3,2085.0,70.0,96.7
2020-07-01,Lat Pulldown (Single Arm),7,2043.0,30.7,44.3
2020-07-01,Lateral Raise (Cable),14,1155.0,6.8,11.4
2020-07-01,Lateral Raise (Machine),3,798.0,27.5,37.6
2020-07-01,Leg Extension (Machine),10,7398.0,64.3,99.1
2020-07-01,Leg Press,12,32350.0,237.5,375.0
2020-07-01,Lying Leg Curl (Machine),12,5788.0,44.6,66.7
2020-07-01,Pull Up,10,810.0,10.0,13.3
2020-07-01,Reverse Fly (Machine),15,7373.0,42.2,68.3
2020-07-01,Romanian Deadlift (Barbell),6,3370.0,66.7,88.7
2020-07-01,Seated Calf Raise (Plate Loaded),9,2160.0,20.0,30.0
2020-07-01,Seated Leg Press (Machine),6,8355.0,123.3,183.3
2020-07-01,Seated Overhead Press (Dumbbell),3,616.0,22.0,29.3
2020-07-01,Seated Row (Cable),9,6170.0,71.1,101.3
2020-07-01,Seated Row (Machine),12,8513.0,66.3,99.1
2020-07-01,Shoulder Press (Machine),6,2318.0,45.0,63.3
2020-07-01,Shrug (Barbell),3,1920.0,53.3,84.0
2020-07-01,Shrug (Machine),9,2541.0,20.4,34.0
2020-07-01,Squat (Barbell),11,5725.0,75.5,95.0
2020-07-01,Strict Military Press (Barbell),9,2760.0,42.8,57.0
2020-07-01,Sumo Deadlift (Barbell),7,3940.0,85.7,114.0
2020-07-01,Triceps Extension (Cable),18,4815.0,20.0,34.0
2020-07-01,Triceps Pushdown (Cable - Straight Bar),6,1406.0,18.8,29.4
2020-07-01,Upright Row (Cable),6,1434.0,21.5,33.3
2020-08-01,Arnold Press (Dumbbell),3,580.0,20.0,26.7
2020-08-01,Bench Press (Barbell),18,8875.0,77.8,98.7
2020-08-01,Bicep Curl (Barbell),3,850.0,25.0,35.0
2020-08-01,Bicep Curl (Cable),3,280.0,9.6,13.9
2020-08-01,Bicep Curl (Machine),21,8370.0,39.5,65.9
2020-08-01,Cable Crossover,12,1491.0,10.2,19.3
2020-08-01,Chest Dip,10,1780.0,16.5,27.3
2020-08-01,Chest Fly,12,9000.0,62.1,97.5
2020-08-01,Deadlift (Barbell),3,2210.0,96.7,135.7
2020-08-01,Face Pull (Cable),9,2378.0,18.1,31.9
2020-08-01,Incline Bench Press (Dumbbell),12,3200.0,32.0,44.8
2020-08-01,Incline Curl (Dumbbell),6,568.0,9.7,14.0
2020-08-01,Iso-Lateral Row (Machine),6,1698.0,28.3,41.0
2020-08-01,Lat Pulldown (Cable),3,1440.0,66.7,84.0
2020-08-01,Lat Pulldown (Machine),9,6108.0,69.7,99.1
2020-08-01,Lat Pulldown (Single Arm),9,2970.0,32.8,46.7
2020-08-01,Lateral Raise (Cable),24,2123.0,7.5,13.1
2020-08-01,Lateral Raise (Machine),3,853.0,27.5,39.4
2020-08-01,Leg Extension (Machine),9,8088.0,70.6,110.0
2020-08-01,Leg Press,12,29160.0,235.0,383.3
2020-08-01,Lying Leg Curl (Machine),9,4798.0,50.6,73.3
2020-08-01,Pull Up,15,928.0,7.5,18.5
2020-08-01,Reverse Fly (Machine),9,5371.0,44.4,68.1
2020-08-01,Romanian Deadlift (Barbell),9,5640.0,73.3,104.0
2020-08-01,Seated Calf Raise (Plate Loaded),20,6855.0,25.3,45.0
2020-08-01,Seated Leg Curl (Machine),3,2310.0,52.5,84.3
2020-08-01,Seated Leg Press (Machine),3,2880.0,120.0,158.3
2020-08-01,Seated Overhead Press (Dumbbell),6,1144.0,21.7,29.3
2020-08-01,Seated Row (Cable),9,5820.0,73.3,101.3
2020-08-01,Seated Row (Machine),12,9348.0,65.4,93.2
2020-08-01,Shoulder Press (Machine),3,1120.0,40.0,56.0
2020-08-01,Shrug (Machine),9,2810.0,20.4,34.8
2020-08-01,Squat (Barbell),9,4060.0,81.7,99.2
2020-08-01,Strict Military Press (Barbell),14,4038.0,45.4,58.3
2020-08-01,Sumo Deadlift (Barbell),7,3750.0,92.9,121.0
2020-08-01,Triceps Extension (Cable),12,3398.0,20.1,38.3
2020-08-01,Triceps Pushdown (Cable - Straight Bar),18,4449.0,20.7,31.9
2020-08-01,Upright Row (Cable),9,2749.0,23.5,35.8
2020-09-01,Back Extension,12,1635.0,10.8,22.0
2020-09-01,Bench Press (Barbell),13,6320.0,77.7,101.3
2020-09-01,Bent Over Row (Barbell),12,6350.0,59.2,80.0
2020-09-01,Bicep Curl (Machine),26,11576.0,45.8,74.2
2020-09-01,Cable Crossover,14,1900.0,10.8,19.3
2020-09-01,Chest Dip,3,600.0,20.0,28.0
2020-09-01,Chest Fly,7,3688.0,59.3,91.0
2020-09-01,Deadlift (Barbell),11,5380.0,95.5,128.3
2020-09-01,Hack Squat (Barbell),4,1500.0,55.0,76.0
2020-09-01,Hammer Curl (Dumbbell),14,1514.0,10.4,16.0
2020-09-01,Incline Bench Press (Dumbbell),12,3050.0,30.8,42.7
2020-09-01,Incline Curl (Dumbbell),15,1586.0,11.3,16.8
2020-09-01,Lat Pulldown (Cable),3,750.0,30.0,39.0
2020-09-01,Lat Pulldown (Single Arm),12,3705.0,32.9,46.7
2020-09-01,Lateral Raise (Cable),21,1884.0,7.4,11.8
2020-09-01,Leg Extension (Machine),12,10905.0,66.5,108.8
2020-09-01,Leg Press,15,32750.0,216.7,316.7
2020-09-01,Lying Leg Curl (Machine),3,560.0,21.7,31.7
2020-09-01,Pull Up,9,670.0,9.4,19.5
2020-09-01,Pullover (Machine),21,6270.0,26.3,40.3
2020-09-01,Reverse Fly (Machine),18,10650.0,44.3,72.0
2020-09-01,Romanian Deadlift (Barbell),9,6460.0,70.0,106.7
2020-09-01,Seated Calf Raise (Plate Loaded),15,6910.0,30.7,53.3
2020-09-01,Seated Leg Curl (Machine),12,8180.0,56.3,88.8
2020-09-01,Seated Leg Press (Machine),2,1872.0,117.0,148.2
2020-09-01,Seated Overhead Press (Dumbbell),12,2148.0,21.0,28.7
2020-09-01,Seated Row (Cable),9,5720.0,72.2,96.0
2020-09-01,Shoulder Press (Machine),7,2470.0,34.3,54.7
2020-09-01,Shrug (Barbell),3,1440.0,60.0,78.0
2020-09-01,Skullcrusher (Barbell),9,2160.0,22.8,33.0
2020-09-01,Strict Military Press (Barbell),3,860.0,43.3,54.0
2020-09-01,Triceps Extension (Cable),14,2227.0,13.2,21.7
2020-09-01,Triceps Pushdown (Cable - Straight Bar),17,5041.0,21.2,41.9
2020-10-01,Back Extension,6,780.0,10.0,15.0
2020-10-01,Bench Press (Barbell),11,4940.0,79.8,99.0
2020-10-01,Bent Over Row (Barbell),7,3660.0,52.9,76.0
2020-10-01,Bicep Curl (Barbell),4,983.0,25.6,35.0
2020-10-01,Bicep Curl (Cable),3,338.0,10.8,15.4
2020-10-01,Bicep Curl (Machine),39,16919.0,47.1,77.0
2020-10-01,Cable Crossover,21,2505.0,9.5,19.7
2020-10-01,Chest Dip,9,1505.0,17.8,33.3
2020-10-01,Chest Fly,4,2483.0,61.3,86.3
2020-10-01,Crunch (Machine),45,17925.0,25.6,52.0
2020-10-01,Deadlift (Barbell),6,3820.0,91.7,120.0
2020-10-01,Hammer Curl (Dumbbell),6,760.0,10.0,15.3
2020-10-01,Incline Bench Press (Dumbbell),12,2942.0,33.8,44.2
2020-10-01,Incline Curl (Dumbbell),7,656.0,10.6,15.6
2020-10-01,Lat Pulldown (Cable),16,6415.0,46.3,93.3
2020-10-01,Lat Pulldown (Single Arm),3,870.0,30.0,41.0
2020-10-01,Lateral Raise (Cable),15,1225.0,7.3,10.8
2020-10-01,Lateral Raise (Machine),6,1673.0,27.5,39.0
2020-10-01,Leg Extension (Machine),18,16148.0,71.1,111.2
2020-10-01,Leg Press,12,29550.0,208.3,325.0
2020-10-01,Lying Leg Curl (Machine),6,3500.0,50.0,76.7
2020-10-01,Pull Up,10,1035.0,13.5,19.5
2020-10-01,Pullover (Machine),18,5308.0,26.6,41.2
2020-10-01,Reverse Fly (Machine),18,10210.0,42.8,68.0
2020-10-01,Romanian Deadlift (Barbell),7,4740.0,75.7,106.7
2020-10-01,Seated Calf Raise (Plate Loaded),9,4140.0,30.0,50.0
2020-10-01,Seated Leg Curl (Machine),12,7970.0,55.0,86.3
2020-10-01,Seated Leg Press (Machine),3,3383.0,102.5,146.9
2020-10-01,Seated Overhead Press (Dumbbell),6,980.0,22.3,28.8
2020-10-01,Seated Row (Cable),10,6040.0,70.0,98.7
2020-10-01,Seated Row (Machine),11,5910.0,55.5,94.3
2020-10-01,Shoulder Press (Machine),9,2960.0,37.8,55.5
2020-10-01,Skullcrusher (Barbell),9,2503.0,24.2,35.0
2020-10-01,Squat (Barbell),7,2900.0,76.4,93.3
2020-10-01,Strict Military Press (Barbell),13,3395.0,42.3,54.0
2020-10-01,T Bar Row,5,1810.0,44.0,60.0
2020-10-01,Triceps Extension,6,509.0,6.8,12.0
2020-10-01,Triceps Extension (Cable),3,200.0,6.3,8.5
2020-10-01,Triceps Pushdown (Cable - Straight Bar),12,4190.0,24.6,40.8
2020-11-01,Ab Wheel,27,0.0,0.0,0.0
2020-11-01,Bent Over One Arm Row (Dumbbell),15,4026.0,22.0,32.3
2020-11-01,Bicep Curl (Cable),18,0.0,0.0,0.0
2020-11-01,Bicep Curl (Machine),4,1571.0,46.0,70.7
2020-11-01,Bulgarian Split Squat,12,2574.0,22.0,30.8
2020-11-01,Chest Dip,12,0.0,0.0,0.0
2020-11-01,Goblet Squat (Kettlebell),6,1738.0,22.0,33.7
2020-11-01,Handstand Push Up,12,0.0,0.0,0.0
2020-11-01,Kettlebell Swing,12,4000.0,16.0,29.3
2020-11-01,Lateral Raise (Dumbbell),12,910.0,5.0,8.0
2020-11-01,Leg Extension (Machine),3,2670.0,70.8,102.5
2020-11-01,Overhead Press (Dumbbell),8,1040.0,16.0,20.8
2020-11-01,Pull Up,28,938.0,6.7,24.9
2020-11-01,Pullover (Dumbbell),9,2052.0,18.7,30.8
2020-11-01,Push Up,9,0.0,0.0,0.0
2020-11-01,Romanian Deadlift (Barbell),3,2240.0,80.0,106.7
2020-11-01,Seated Calf Raise (Plate Loaded),3,1320.0,30.0,47.0
2020-11-01,Seated Leg Curl (Machine),3,2033.0,62.5,86.7
2020-11-01,Seated Leg Press (Machine),4,3878.0,108.1,143.0
2020-11-01,Shrug (Dumbbell),15,4466.0,22.0,33.0
2020-12-01,Ab Wheel,12,0.0,0.0,0.0
2020-12-01,Bent Over One Arm Row (Dumbbell),3,660.0,22.0,29.3
2020-12-01,Bicep Curl (Cable),3,0.0,0.0,0.0
2020-12-01,Chest Dip,12,0.0,0.0,0.0
2020-12-01,Goblet Squat (Kettlebell),6,2354.0,22.0,36.7
2020-12-01,Handstand Push Up,9,0.0,0.0,0.0
2020-12-01,Kettlebell Swing,3,960.0,16.0,26.7
2020-12-01,Lateral Raise (Dumbbell),12,975.0,5.0,8.2
2020-12-01,Overhead Press (Dumbbell),12,1712.0,16.0,21.9
2020-12-01,Pull Up,6,0.0,0.0,0.0
2020-12-01,Pullover (Dumbbell),3,814.0,22.0,31.5
2020-12-01,Push Up,9,0.0,0.0,0.0
2021-01-01,Ab Wheel,12,0.0,0.0,0.0
2021-01-01,Bent Over One Arm Row (Dumbbell),15,3740.0,22.0,31.5
2021-01-01,Bicep Curl (Cable),15,0.0,0.0,0.0
2021-01-01,Bicep Curl (Dumbbell),11,885.0,5.0,8.0
2021-01-01,Bulgarian Split Squat,12,2330.0,17.5,32.3
2021-01-01,Chest Dip,12,0.0,0.0,0.0
2021-01-01,Deadlift (Dumbbell),15,3552.0,16.0,24.5
2021-01-01,Goblet Squat (Kettlebell),9,3740.0,22.0,36.7
2021-01-01,Handstand Push Up,12,0.0,0.0,0.0
2021-01-01,Lateral Raise (Dumbbell),15,1205.0,5.0,8.3
2021-01-01,Overhead Press (Dumbbell),12,1568.0,16.0,21.3
2021-01-01,Pull Up,20,751.0,4.1,27.9
2021-01-01,Push Up,12,0.0,0.0,0.0
2021-01-01,Shrug (Dumbbell),12,3190.0,22.0,33.0
2021-01-01,Triceps Dip,6,0.0,0.0,0.0
2021-02-01,Arnold Press (Dumbbell),12,1680.0,16.0,21.3
2021-02-01,Bent Over One Arm Row (Dumbbell),15,4312.0,22.0,33.0
2021-02-01,Bent Over Row (Band),15,0.0,0.0,0.0
2021-02-01,Bicep Curl (Cable),23,0.0,0.0,0.0
2021-02-01,Bicep Curl (Dumbbell),12,685.0,5.0,8.3
2021-02-01,Bulgarian Split Squat,12,3718.0,22.0,33.7
2021-02-01,Chest Dip,28,0.0,0.0,0.0
2021-02-01,Deadlift (Dumbbell),12,2720.0,16.0,24.0
2021-02-01,Face Pull (Cable),6,0.0,0.0,0.0
2021-02-01,Goblet Squat (Kettlebell),15,6424.0,22.0,38.1
2021-02-01,Handstand Push Up,12,0.0,0.0,0.0
2021-02-01,Hip Thrust (Barbell),9,1830.0,19.3,30.8
2021-02-01,Lateral Raise (Dumbbell),15,1190.0,5.0,7.8
2021-02-01,Lunge (Dumbbell),3,858.0,22.0,33.0
2021-02-01,Overhead Press (Dumbbell),18,3440.0,16.0,24.5
2021-02-01,Pull Up,12,670.0,4.8,10.7
2021-02-01,Push Up,6,365.0,5.0,7.5
2021-02-01,Push Up (Band),9,0.0,0.0,0.0
2021-02-01,Shrug (Barbell),12,2616.0,17.5,29.3
2021-02-01,Triceps Extension,27,0.0,0.0,0.0
2021-02-01,Upright Row (Dumbbell),12,3126.0,20.5,32.3
2021-02-01,Wide Pull Up,20,304.0,2.4,19.7
2021-03-01,Bent Over One Arm Row (Dumbbell),15,4466.0,22.0,34.5
2021-03-01,Bent Over Row (Band),18,0.0,0.0,0.0
2021-03-01,Bicep Curl (Cable),30,0.0,0.0,0.0
2021-03-01,Chest Dip,37,0.0,0.0,0.0
2021-03-01,Deadlift (Dumbbell),14,3866.0,19.9,33.0
2021-03-01,Goblet Squat (Kettlebell),24,7964.0,22.0,34.5
2021-03-01,Handstand Push Up,3,0.0,0.0,0.0
2021-03-01,Kettlebell Swing,3,1040.0,16.0,28.3
2021-03-01,Lateral Raise (Dumbbell),33,3190.0,5.0,8.7
2021-03-01,Overhead Press (Dumbbell),33,6676.0,18.0,32.3
2021-03-01,Push Up (Band),24,448.0,2.0,22.4
2021-03-01,Shrug (Barbell),18,4144.0,16.0,24.5
2021-03-01,Triceps Extension,36,0.0,0.0,0.0
2021-03-01,Upright Row (Dumbbell),18,5544.0,22.0,35.9
2021-03-01,Wide Pull Up,41,3095.0,10.2,20.8
2021-04-01,Ab Wheel,9,0.0,0.0,0.0
2021-04-01,Bent Over One Arm Row (Dumbbell),26,8250.0,22.0,34.5
2021-04-01,Bicep Curl (Cable),33,4488.0,13.3,32.3
2021-04-01,Chest Dip,24,185.0,0.6,7.3
2021-04-01,Cross Body Crunch,9,0.0,0.0,0.0
2021-04-01,Crunch,9,660.0,3.3,8.7
2021-04-01,Deadlift (Dumbbell),9,2948.0,22.0,33.7
2021-04-01,Goblet Squat (Kettlebell),9,3916.0,22.0,37.4
2021-04-01,Hip Thrust (Barbell),9,2684.0,22.0,32.3
2021-04-01,Lateral Raise (Dumbbell),21,2080.0,5.0,8.7
2021-04-01,Leg Extension (Machine),9,8228.0,70.8,103.9
2021-04-01,Lunge (Dumbbell),3,1216.0,38.0,53.2
2021-04-01,Overhead Press (Dumbbell),28,6058.0,17.7,28.6
2021-04-01,Pull Up,3,175.0,5.0,7.2
2021-04-01,Push Up (Band),21,595.0,2.4,7.3
2021-04-01,Shrug (Barbell),24,8138.0,20.3,35.9
2021-04-01,Shrug (Dumbbell),3,880.0,22.0,32.3
2021-04-01,Triceps Extension,24,0.0,0.0,0.0
2021-04-01,Upright Row (Dumbbell),24,10692.0,22.0,38.9
2021-04-01,Wide Pull Up,28,2451.0,10.0,21.3
2021-05-01,Ab Wheel,3,0.0,0.0,0.0
2021-05-01,Bench Press (Barbell),10,5710.0,49.0,91.0
2021-05-01,Bent Over One Arm Row (Dumbbell),13,4070.0,22.0,33.0
2021-05-01,Bicep Curl (Barbell),3,855.0,23.3,35.0
2021-05-01,Bicep Curl (Cable),19,3168.0,15.1,32.3
2021-05-01,Bicep Curl (Dumbbell),3,328.0,8.0,11.7
2021-05-01,Bicep Curl (Machine),13,6997.0,46.5,74.2
2021-05-01,Cable Crossover,6,913.0,11.7,17.9
2021-05-01,Chest Dip,12,765.0,5.0,7.7
2021-05-01,Chest Fly,9,6930.0,56.7,92.0
2021-05-01,Cross Body Crunch,9,0.0,0.0,0.0
2021-05-01,Crunch,6,0.0,0.0,0.0
2021-05-01,Deadlift (Barbell),16,12890.0,77.5,126.7
2021-05-01,Deadlift (Dumbbell),7,3232.0,31.1,58.3
2021-05-01,Goblet Squat (Kettlebell),3,1320.0,22.0,36.7
2021-05-01,Hip Abductor (Machine),2,1725.0,57.5,86.3
2021-05-01,Hip Adductor (Machine),3,3130.0,63.3,100.3
2021-05-01,Hip Thrust (Barbell),6,1914.0,22.0,34.5
2021-05-01,Incline Bench Press (Dumbbell),12,3570.0,25.2,39.2
2021-05-01,Lat Pulldown (Cable),16,9680.0,55.9,93.3
2021-05-01,Lateral Raise (Cable),16,1362.0,7.0,11.0
2021-05-01,Lateral Raise (Dumbbell),12,1300.0,5.0,8.7
2021-05-01,Leg Extension (Machine),12,10665.0,63.3,107.5
2021-05-01,Leg Press,16,36210.0,173.8,322.7
2021-05-01,Lunge (Dumbbell),6,2964.0,38.0,58.3
2021-05-01,Lying Leg Curl (Machine),12,5148.0,39.2,58.1
2021-05-01,Overhead Press (Dumbbell),20,4457.0,19.8,30.1
2021-05-01,Pullover (Machine),15,6288.0,25.7,45.0
2021-05-01,Push Up (Band),12,380.0,2.5,7.7
2021-05-01,Reverse Fly (Machine),3,1858.0,38.3,65.2
2021-05-01,Seated Leg Curl (Machine),3,1850.0,50.0,73.3
2021-05-01,Seated Overhead Press (Dumbbell),7,1352.0,19.4,26.7
2021-05-01,Seated Row (Cable),15,10680.0,68.0,100.3
2021-05-01,Shrug (Barbell),24,10234.0,23.0,40.7
2021-05-01,Squat (Barbell),10,4880.0,48.0,80.0
2021-05-01,Strict Military Press (Barbell),4,1160.0,32.5,50.7
2021-05-01,Sumo Deadlift (Barbell),4,2590.0,65.0,91.0
2021-05-01,Triceps Extension,12,0.0,0.0,0.0
2021-05-01,Triceps Extension (Cable),3,871.0,20.4,30.5
2021-05-01,Triceps Pushdown (Cable - Straight Bar),12,4219.0,24.3,38.3
2021-05-01,Upright Row (Dumbbell),9,4378.0,22.0,38.9
2021-05-01,Wide Pull Up,14,1263.0,9.4,21.3
2021-06-01,Bench Press (Barbell),17,8700.0,55.6,95.7
2021-06-01,Bicep Curl (Barbell),3,875.0,25.0,36.7
2021-06-01,Bicep Curl (Cable),3,240.0,7.5,10.5
2021-06-01,Bicep Curl (Machine),15,7659.0,50.8,76.0
2021-06-01,Cable Crossover,3,413.0,12.5,17.1
2021-06-01,Chest Fly,9,6763.0,55.8,90.1
2021-06-01,Crunch (Machine),3,1390.0,31.7,52.5
2021-06-01,Deadlift (Barbell),25,20590.0,82.4,130.0
2021-06-01,Hip Abductor (Machine),3,2070.0,57.5,80.5
2021-06-01,Hip Adductor (Machine),3,3760.0,80.0,125.3
2021-06-01,Incline Bench Press (Dumbbell),14,4042.0,27.3,44.0
2021-06-01,Lat Pulldown (Cable),13,9000.0,66.9,98.0
2021-06-01,Lat Pulldown (Machine),3,2275.0,65.0,91.0
2021-06-01,Lateral Raise (Cable),3,285.0,7.3,10.5
2021-06-01,Lateral Raise (Machine),15,5473.0,31.2,47.7
2021-06-01,Leg Extension (Machine),12,11890.0,70.0,113.6
2021-06-01,Leg Press,20,50260.0,188.5,337.3
2021-06-01,Lying Leg Curl (Machine),12,5793.0,44.0,66.7
2021-06-01,Overhead Press (Dumbbell),3,660.0,20.0,28.0
2021-06-01,Pullover (Machine),6,2636.0,26.5,42.8
2021-06-01,Reverse Fly (Machine),12,7680.0,43.1,68.3
2021-06-01,Seated Leg Curl (Machine),6,4918.0,57.5,89.6
2021-06-01,Seated Leg Press (Machine),5,6585.0,99.5,150.3
2021-06-01,Seated Overhead Press (Dumbbell),5,960.0,18.8,27.3
2021-06-01,Seated Row (Cable),6,3550.0,73.3,98.7
2021-06-01,Seated Row (Machine),12,8465.0,66.9,95.7
2021-06-01,Shoulder Press (Machine),6,2600.0,40.0,56.0
2021-06-01,Shrug (Dumbbell),12,5090.0,27.0,44.8
2021-06-01,Skullcrusher (Barbell),10,3040.0,24.5,36.7
2021-06-01,Squat (Barbell),5,2610.0,56.0,88.7
2021-06-01,Triceps Extension (Machine),4,3375.0,53.3,117.3
2021-06-01,Triceps Pushdown (Cable - Straight Bar),6,1995.0,28.8,43.3
2021-07-01,Bench Press (Barbell),16,8730.0,58.1,95.7
2021-07-01,Bent Over Row (Barbell),6,4090.0,53.3,86.0
2021-07-01,Bicep Curl (Barbell),6,1890.0,27.1,38.5
2021-07-01,Bicep Curl (Machine),21,10049.0,50.9,77.7
2021-07-01,Cable Crossover,15,2290.0,11.7,19.7
2021-07-01,Chest Dip,10,2040.0,17.0,29.3
2021-07-01,Chest Fly,9,7215.0,58.6,91.7
2021-07-01,Deadlift (Barbell),6,4220.0,63.3,90.7
2021-07-01,Glute Kickback (Machine),3,1400.0,46.7,66.7
2021-07-01,Hip Abductor (Machine),12,11510.0,67.5,106.2
2021-07-01,Hip Adductor (Machine),6,8590.0,84.2,138.8
2021-07-01,Incline Bench Press (Dumbbell),18,4748.0,27.6,44.8
2021-07-01,Incline Chest Press (Machine),14,4335.0,34.3,50.7
2021-07-01,Lat Pulldown (Cable),12,6720.0,51.3,98.0
2021-07-01,Lat Pulldown (Single Arm),3,933.0,37.5,49.0
2021-07-01,Lateral Raise (Machine),27,9248.0,31.2,49.8
2021-07-01,Leg Extension (Machine),21,22650.0,83.2,130.3
2021-07-01,Leg Press,35,91930.0,183.4,345.0
2021-07-01,Lying Leg Curl (Machine),6,3445.0,49.2,71.7
2021-07-01,Overhead Press (Dumbbell),6,1356.0,21.0,29.3
2021-07-01,Preacher Curl (Machine),6,2133.0,33.3,53.3
2021-07-01,Pull Up,8,660.0,8.8,19.5
2021-07-01,Pullover (Machine),3,1220.0,27.8,44.1
2021-07-01,Reverse Fly (Machine),21,14245.0,50.2,84.3
2021-07-01,Romanian Deadlift (Barbell),8,5540.0,61.3,98.0
2021-07-01,Seated Leg Curl (Machine),21,16600.0,60.4,99.1
2021-07-01,Seated Leg Press (Machine),5,7770.0,104.5,168.7
2021-07-01,Seated Overhead Press (Dumbbell),3,540.0,20.0,26.7
2021-07-01,Seated Row (Machine),18,13605.0,72.4,105.9
2021-07-01,Shoulder Press (Machine),12,4820.0,39.6,57.3
2021-07-01,Skullcrusher (Barbell),9,2975.0,25.3,37.5
2021-07-01,Triceps Extension,3,180.0,6.7,9.5
2021-07-01,Triceps Extension (Cable),3,926.0,23.8,35.6
2021-07-01,Triceps Pushdown (Cable - Straight Bar),9,2813.0,26.3,42.2
2021-08-01,Bench Press (Barbell),24,13905.0,62.3,98.7
2021-08-01,Bent Over Row (Barbell),9,6080.0,48.9,92.0
2021-08-01,Bicep Curl (Barbell),9,3033.0,28.1,40.3
2021-08-01,Bicep Curl (Cable),6,1563.0,22.5,35.0
2021-08-01,Bicep Curl (Machine),18,9923.0,57.0,84.0
2021-08-01,Cable Crossover,24,3561.0,10.5,20.6
2021-08-01,Chest Fly,3,2430.0,60.8,89.6
2021-08-01,Glute Kickback (Machine),3,1955.0,54.2,80.7
2021-08-01,Hip Abductor (Machine),3,3968.0,77.5,128.0
2021-08-01,Hip Adductor (Machine),3,5300.0,98.3,158.3
2021-08-01,Incline Bench Press (Dumbbell),15,4354.0,29.1,48.7
2021-08-01,Incline Chest Press (Machine),14,5515.0,36.4,58.5
2021-08-01,Incline Curl (Dumbbell),6,840.0,11.0,16.0
2021-08-01,Lat Pulldown (Cable),27,20715.0,70.0,114.7
2021-08-01,Lat Pulldown - Underhand (Band),3,1675.0,46.7,68.3
2021-08-01,Lateral Raise (Cable),9,938.0,7.5,11.3
2021-08-01,Lateral Raise (Dumbbell),6,706.0,9.7,14.7
2021-08-01,Lateral Raise (Machine),6,2435.0,31.3,48.8
2021-08-01,Leg Extension (Machine),19,26368.0,91.2,155.2
2021-08-01,Leg Press,14,35350.0,177.1,368.0
2021-08-01,Pullover (Machine),15,6843.0,28.7,47.0
2021-08-01,Reverse Fly (Machine),24,19490.0,48.8,83.3
2021-08-01,Romanian Deadlift (Barbell),12,11180.0,65.8,107.3
2021-08-01,Seated Leg Curl (Machine),27,28808.0,68.3,120.0
2021-08-01,Seated Overhead Press (Dumbbell),3,932.0,22.7,33.6
2021-08-01,Seated Row (Cable),6,5160.0,73.3,109.3
2021-08-01,Seated Row (Machine),13,10043.0,71.3,101.5
2021-08-01,Shoulder Press (Machine),9,4340.0,42.8,66.0
2021-08-01,Shrug (Dumbbell),6,2106.0,25.0,42.9
2021-08-01,Skullcrusher (Barbell),3,1245.0,26.7,40.8
2021-08-01,Squat (Barbell),25,17100.0,55.8,101.3
2021-08-01,Strict Military Press (Barbell),11,3365.0,40.0,60.0
2021-08-01,Triceps Extension (Cable),12,4740.0,25.3,41.1
2021-08-01,Triceps Extension (Machine),12,15463.0,91.9,145.7
2021-08-01,Upright Row (Barbell),4,1303.0,27.5,43.3
2021-09-01,Bench Press (Barbell),23,14300.0,63.7,109.3
2021-09-01,Bent Over Row (Barbell),19,13235.0,59.2,93.3
2021-09-01,Bicep Curl (Barbell),6,2338.0,27.5,42.2
2021-09-01,Bicep Curl (Cable),4,1300.0,25.0,35.8
2021-09-01,Bicep Curl (Machine),9,5563.0,59.2,88.0
2021-09-01,Cable Crossover,28,4371.0,10.6,21.1
2021-09-01,Chest Dip,7,1455.0,12.9,24.5
2021-09-01,Chest Fly,6,5718.0,61.7,100.0
2021-09-01,Hip Abductor (Machine),6,8080.0,80.0,130.7
2021-09-01,Hip Adductor (Machine),6,11685.0,102.5,175.0
2021-09-01,Incline Bench Press (Dumbbell),25,7635.0,28.9,47.6
2021-09-01,Incline Chest Press (Machine),3,980.0,35.0,46.7
2021-09-01,Incline Curl (Dumbbell),12,1552.0,11.1,17.5
2021-09-01,Iso-Lateral Row (Machine),3,1270.0,36.7,52.0
2021-09-01,Lat Pulldown (Cable),7,5940.0,80.0,120.0
2021-09-01,Lat Pulldown - Underhand (Band),3,1600.0,45.0,66.7
2021-09-01,Lateral Raise (Cable),6,586.0,8.5,12.5
2021-09-01,Lateral Raise (Dumbbell),15,1894.0,10.1,15.0
2021-09-01,Leg Extension (Machine),13,17605.0,92.3,158.3
2021-09-01,Leg Press,20,48910.0,179.0,315.3
2021-09-01,Overhead Press (Dumbbell),7,1502.0,24.9,34.7
2021-09-01,Pull Up,6,870.0,15.0,21.0
2021-09-01,Pullover (Machine),10,4064.0,29.1,47.9
2021-09-01,Reverse Fly (Machine),18,16005.0,50.8,89.3
2021-09-01,Romanian Deadlift (Barbell),3,2810.0,66.7,107.3
2021-09-01,Seated Leg Curl (Machine),16,14563.0,69.8,112.0
2021-09-01,Seated Overhead Press (Dumbbell),8,1956.0,23.0,33.8
2021-09-01,Seated Row (Machine),6,5603.0,73.8,107.5
2021-09-01,Shoulder Press (Machine),11,4208.0,42.5,63.0
2021-09-01,Shrug (Dumbbell),3,1204.0,28.0,42.9
2021-09-01,Squat (Barbell),19,11820.0,56.8,104.0
2021-09-01,Triceps Extension (Cable),10,3860.0,26.5,43.8
2021-09-01,Triceps Pushdown (Cable - Straight Bar),9,4133.0,30.1,47.9
2021-10-01,Bench Press (Barbell),21,12743.0,62.4,110.0
2021-10-01,Bent Over Row (Barbell),4,3200.0,60.0,93.2
2021-10-01,Bicep Curl (Barbell),6,2055.0,25.0,41.3
2021-10-01,Bicep Curl (Cable),3,926.0,23.8,34.0
2021-10-01,Bicep Curl (Machine),6,4200.0,60.0,90.0
2021-10-01,Cable Crossover,14,2231.0,10.0,21.1
2021-10-01,Chest Fly,3,2760.0,60.0,100.0
2021-10-01,Deadlift (Barbell),5,4420.0,78.0,123.0
2021-10-01,Incline Bench Press (Dumbbell),15,5094.0,29.7,49.9
2021-10-01,Lat Pulldown (Cable),3,2280.0,76.7,106.7
2021-10-01,Lateral Raise (Cable),9,1078.0,7.6,13.4
2021-10-01,Lateral Raise (Dumbbell),3,420.0,10.0,15.0
2021-10-01,Lateral Raise (Machine),3,985.0,26.7,39.4
2021-10-01,Leg Extension (Machine),12,18638.0,96.7,161.5
2021-10-01,Leg Press,4,9300.0,150.0,273.3
2021-10-01,Overhead Press (Dumbbell),15,3580.0,23.1,33.6
2021-10-01,Pull Up,3,465.0,15.0,20.5
2021-10-01,Pullover (Machine),9,3974.0,29.5,46.0
2021-10-01,Reverse Fly (Machine),9,6205.0,42.5,68.0
2021-10-01,Seated Leg Curl (Machine),12,12398.0,72.5,120.8
2021-10-01,Seated Leg Press (Machine),13,19093.0,103.1,168.4
2021-10-01,Seated Row (Cable),8,7040.0,70.0,112.0
2021-10-01,Seated Row (Machine),3,2848.0,75.0,108.5
2021-10-01,Shoulder Press (Machine),9,4370.0,41.1,68.3
2021-10-01,Shrug (Dumbbell),3,1344.0,28.0,45.7
2021-10-01,Shrug (Machine),9,3672.0,28.9,45.6
2021-10-01,Skullcrusher (Barbell),6,2153.0,25.0,42.2
2021-10-01,Strict Military Press (Barbell),4,1315.0,40.0,60.2
2021-10-01,Triceps Extension (Cable),3,1294.0,28.8,43.1
2021-10-01,Triceps Pushdown (Cable - Straight Bar),9,3835.0,28.2,46.0
2021-11-01,Bench Press (Barbell),12,7375.0,58.8,104.0
2021-11-01,Bent Over One Arm Row (Dumbbell),3,924.0,22.0,32.3
2021-11-01,Bent Over Row (Barbell),14,11400.0,57.9,94.0
2021-11-01,Bicep Curl (Barbell),4,1333.0,26.3,39.4
2021-11-01,Bicep Curl (Machine),12,6540.0,56.5,84.0
2021-11-01,Cable Crossover,8,1136.0,9.7,18.0
2021-11-01,Chest Dip,9,1270.0,10.6,27.3
2021-11-01,Chest Fly,3,2235.0,55.0,84.0
2021-11-01,Deadlift (Barbell),3,2440.0,63.3,98.0
2021-11-01,Goblet Squat (Kettlebell),3,1364.0,22.0,38.1
2021-11-01,Hip Abductor (Machine),3,3785.0,71.7,120.0
2021-11-01,Incline Bench Press (Dumbbell),9,2756.0,28.0,44.8
2021-11-01,Kettlebell Swing,3,960.0,16.0,26.7
2021-11-01,Lat Pulldown (Cable),12,8640.0,64.2,100.3
2021-11-01,Lateral Raise (Cable),9,1005.0,7.5,11.5
2021-11-01,Leg Extension (Machine),12,15910.0,97.7,153.3
2021-11-01,Overhead Press (Dumbbell),9,2042.0,24.2,33.6
2021-11-01,Pull Up,3,330.0,15.7,20.3
2021-11-01,Pullover (Machine),9,3885.0,28.8,47.7
2021-11-01,Reverse Fly (Machine),6,4548.0,42.5,70.8
2021-11-01,Seated Leg Curl (Machine),14,12828.0,66.1,108.8
2021-11-01,Seated Overhead Press (Dumbbell),3,682.0,22.0,30.1
2021-11-01,Shoulder Press (Machine),3,1725.0,43.3,64.5
2021-11-01,Squat (Barbell),7,4040.0,57.1,93.3
2021-11-01,Triceps Extension (Cable),6,2245.0,27.5,41.2
2021-11-01,Triceps Pushdown (Cable - Straight Bar),6,2423.0,26.5,43.1
2021-11-01,Upright Row (Cable),5,1704.0,22.8,36.4
2021-12-01,Bent Over One Arm Row (Dumbbell),3,946.0,22.0,33.0
2021-12-01,Chest Dip,3,0.0,0.0,0.0
2021-12-01,Goblet Squat (Kettlebell),3,1320.0,22.0,36.7
2021-12-01,Kettlebell Swing,3,1184.0,16.0,32.0
2021-12-01,Pull Up,3,346.0,15.7,20.8
2021-12-01,Seated Overhead Press (Dumbbell),3,726.0,22.0,30.1
2022-01-01,Bench Press (Barbell),11,5895.0,56.8,93.3
2022-01-01,Bent Over Row (Barbell),7,4215.0,53.6,82.0
2022-01-01,Bicep Curl (Barbell),6,1584.0,22.0,31.5
2022-01-01,Bicep Curl (Machine),7,3273.0,47.0,70.7
2022-01-01,Cable Crossover,11,1324.0,9.8,16.5
2022-01-01,Chest Dip,3,0.0,0.0,0.0
2022-01-01,Deadlift (Barbell),5,3020.0,72.0,98.7
2022-01-01,Face Pull (Cable),6,841.0,10.2,16.9
2022-01-01,Goblet Squat (Kettlebell),3,1210.0,22.0,36.7
2022-01-01,Hammer Curl (Dumbbell),3,464.0,11.3,17.6
2022-01-01,Incline Bench Press (Dumbbell),9,2242.0,26.0,41.0
2022-01-01,Lat Pulldown - Underhand (Cable),3,2180.0,66.7,93.3
2022-01-01,Lateral Raise (Cable),6,525.0,7.5,11.5
2022-01-01,Lateral Raise (Dumbbell),3,296.0,8.0,11.5
2022-01-01,Leg Extension (Machine),6,6080.0,77.9,121.8
2022-01-01,Leg Press,15,28310.0,147.3,243.7
2022-01-01,Overhead Press (Dumbbell),2,520.0,19.0,30.8
2022-01-01,Pull Up,3,0.0,0.0,0.0
2022-01-01,Pullover (Machine),6,2236.0,26.3,43.1
2022-01-01,Reverse Fly (Machine),3,1998.0,41.7,65.2
2022-01-01,Romanian Deadlift (Barbell),3,2340.0,60.0,88.0
2022-01-01,Seated Calf Raise (Plate Loaded),6,3320.0,34.2,62.7
2022-01-01,Seated Leg Curl (Machine),3,2175.0,55.0,84.0
2022-01-01,Seated Overhead Press (Dumbbell),8,1708.0,21.8,32.8
2022-01-01,Seated Row (Cable),8,5880.0,68.8,104.0
2022-01-01,Shoulder Press (Machine),3,1140.0,38.3,53.3
2022-01-01,Shrug (Dumbbell),9,3084.0,22.7,38.4
2022-01-01,Skullcrusher (Barbell),3,968.0,22.5,34.5
2022-01-01,Squat (Barbell),4,1860.0,47.5,78.0
2022-01-01,Strict Military Press (Barbell),4,1325.0,33.8,56.0
2022-01-01,Sumo Deadlift (Barbell),4,2990.0,80.0,117.0
2022-01-01,Triceps Extension,3,0.0,0.0,0.0
2022-01-01,Triceps Extension (Cable),6,1910.0,24.0,36.4
2022-01-01,Triceps Pushdown (Cable - Straight Bar),3,1110.0,27.9,40.3
2022-02-01,Bench Press (Barbell),19,10485.0,60.8,101.3
2022-02-01,Bent Over Row (Barbell),20,15765.0,60.6,97.5
2022-02-01,Bicep Curl (Barbell),10,3493.0,26.3,41.3
2022-02-01,Bicep Curl (Machine),12,6055.0,54.2,86.0
2022-02-01,Cable Crossover,20,2597.0,10.1,18.3
2022-02-01,Chest Dip,4,495.0,11.3,21.0
2022-02-01,Face Pull (Cable),18,3913.0,14.4,25.7
2022-02-01,Hammer Curl (Dumbbell),3,232.0,8.0,11.7
2022-02-01,Incline Bench Press (Dumbbell),15,4494.0,28.1,46.5
2022-02-01,Lat Pulldown - Underhand (Cable),10,8470.0,79.0,114.7
2022-02-01,Lateral Raise (Dumbbell),18,2078.0,8.9,15.0
2022-02-01,Leg Extension (Machine),9,11780.0,93.9,145.7
2022-02-01,Leg Press,18,38595.0,174.2,287.0
2022-02-01,Pullover (Machine),10,4885.0,31.4,50.9
2022-02-01,Romanian Deadlift (Barbell),9,7730.0,72.2,105.0
2022-02-01,Seated Calf Raise (Plate Loaded),33,19220.0,34.7,62.7
2022-02-01,Seated Leg Curl (Machine),6,5658.0,64.6,101.8
2022-02-01,Seated Overhead Press (Dumbbell),10,2662.0,25.2,36.4
2022-02-01,Seated Row (Cable),3,2360.0,76.7,106.7
2022-02-01,Shoulder Press (Machine),4,1910.0,45.0,63.0
2022-02-01,Shrug (Dumbbell),18,7980.0,26.3,46.7
2022-02-01,Skullcrusher (Barbell),6,2000.0,25.0,39.2
2022-02-01,Squat (Barbell),23,13620.0,58.5,102.0
2022-02-01,Strict Military Press (Barbell),8,2590.0,37.8,57.0
2022-02-01,Sumo Deadlift (Barbell),4,2440.0,85.0,116.7
2022-02-01,Triceps Extension (Cable),3,1188.0,27.5,43.1
2022-02-01,Triceps Pushdown (Cable - Straight Bar),9,4029.0,30.4,47.9
2022-03-01,Back Extension,3,280.0,6.7,15.0
2022-03-01,Bench Press (Barbell),12,6745.0,64.2,102.0
2022-03-01,Bent Over Row (Barbell),4,3310.0,56.3,95.3
2022-03-01,Bicep Curl (Barbell),8,2845.0,29.7,44.0
2022-03-01,Bicep Curl (Machine),19,10698.0,55.2,86.0
2022-03-01,Bulgarian Split Squat,3,512.0,16.0,21.9
2022-03-01,Cable Crossover,32,4604.0,10.8,20.2
2022-03-01,Face Pull (Cable),18,4403.0,15.8,26.8
2022-03-01,Hip Adductor (Machine),3,4620.0,97.5,153.8
2022-03-01,Incline Bench Press (Dumbbell),25,8066.0,29.0,48.7
2022-03-01,Lat Pulldown - Underhand (Cable),15,11790.0,80.7,126.0
2022-03-01,Lateral Raise (Cable),6,656.0,8.1,12.5
2022-03-01,Lateral Raise (Dumbbell),15,1908.0,9.2,15.7
2022-03-01,Leg Extension (Machine),7,10558.0,97.1,158.3
2022-03-01,Leg Press,24,47350.0,166.7,286.7
2022-03-01,Lying Leg Curl (Machine),24,16740.0,52.4,84.3
2022-03-01,Pull Up,4,300.0,8.8,19.0
2022-03-01,Pullover (Machine),15,7301.0,32.1,53.1
2022-03-01,Romanian Deadlift (Barbell),3,2470.0,66.7,100.3
2022-03-01,Seated Calf Raise (Plate Loaded),15,8760.0,34.0,62.7
2022-03-01,Seated Leg Curl (Machine),3,2525.0,68.3,100.3
2022-03-01,Seated Overhead Press (Dumbbell),7,1720.0,24.9,36.4
2022-03-01,Seated Row (Machine),10,8723.0,71.3,107.5
2022-03-01,Shoulder Press (Machine),13,6440.0,43.1,66.0
2022-03-01,Shrug (Dumbbell),15,6128.0,27.6,49.0
2022-03-01,Squat (Barbell),6,4340.0,60.0,106.7
2022-03-01,Squat (Smith Machine),14,6590.0,45.0,76.0
2022-03-01,Strict Military Press (Barbell),4,1380.0,37.5,60.0
2022-03-01,Triceps Extension (Cable),6,2444.0,28.8,43.1
2022-03-01,Triceps Pushdown (Cable - Straight Bar),15,6799.0,31.3,50.0
2022-04-01,Bench Press (Barbell),6,3365.0,64.2,101.3
2022-04-01,Bent Over Row (Barbell),8,6190.0,57.5,88.0
2022-04-01,Bicep Curl (Barbell),10,3533.0,30.9,45.9
2022-04-01,Bicep Curl (Cable),3,1086.0,23.8,37.5
2022-04-01,Bicep Curl (Machine),6,3569.0,58.1,86.0
2022-04-01,Bulgarian Split Squat,3,392.0,14.0,18.7
2022-04-01,Cable Crossover,12,1906.0,11.5,21.5
2022-04-01,Chest Dip,4,585.0,13.8,26.7
2022-04-01,Chest Fly,7,4598.0,63.9,92.3
2022-04-01,Face Pull (Cable),15,4293.0,18.0,29.2
2022-04-01,Hammer Curl (Dumbbell),6,636.0,12.0,16.0
2022-04-01,Hip Adductor (Machine),3,4595.0,100.0,157.2
2022-04-01,Incline Bench Press (Dumbbell),20,6320.0,29.7,49.9
2022-04-01,Incline Chest Press (Machine),5,2065.0,38.0,58.5
2022-04-01,Incline Curl (Dumbbell),4,628.0,11.5,17.6
2022-04-01,Lat Pulldown (Single Arm),3,940.0,36.7,48.0
2022-04-01,Lateral Raise (Dumbbell),15,2154.0,10.8,17.2
2022-04-01,Lateral Raise (Machine),4,1650.0,33.8,51.3
2022-04-01,Leg Extension (Machine),10,15015.0,90.5,164.7
2022-04-01,Leg Press,13,26100.0,165.4,280.0
2022-04-01,Lying Leg Curl (Machine),23,16913.0,56.2,88.2
2022-04-01,Overhead Press (Dumbbell),6,1672.0,22.0,32.3
2022-04-01,Pull Up,4,270.0,7.5,14.0
2022-04-01,Pullover (Machine),16,8231.0,32.3,54.2
2022-04-01,Reverse Fly (Machine),3,2013.0,57.5,84.3
2022-04-01,Seated Leg Curl (Machine),7,6868.0,61.8,103.9
2022-04-01,Seated Leg Press (Machine),9,13350.0,99.2,161.3
2022-04-01,Seated Row (Machine),6,5760.0,70.0,112.5
2022-04-01,Shoulder Press (Machine),12,6545.0,41.3,66.7
2022-04-01,Skullcrusher (Barbell),6,2277.0,25.7,39.2
2022-04-01,Squat (Smith Machine),5,2420.0,56.0,82.0
2022-04-01,T Bar Row,14,5495.0,35.4,61.5
2022-04-01,Triceps Extension (Cable),9,4069.0,30.0,47.9
2022-04-01,Triceps Pushdown (Cable - Straight Bar),3,1429.0,32.1,49.5
2022-04-01,Upright Row (Barbell),3,1274.0,30.3,49.1
2022-04-01,Upright Row (Cable),3,994.0,23.8,36.7
2022-05-01,Back Extension,9,1520.0,10.0,16.7
2022-05-01,Bench Press (Barbell),23,13245.0,62.5,102.0
2022-05-01,Bench Press - Close Grip (Barbell),4,2680.0,55.0,84.0
2022-05-01,Bicep Curl (Barbell),15,5122.0,26.5,44.3
2022-05-01,Bicep Curl (Cable),3,1025.0,25.0,36.7
2022-05-01,Bicep Curl (Machine),3,1893.0,55.3,86.0
2022-05-01,Bulgarian Split Squat,6,998.0,13.7,20.5
2022-05-01,Cable Crossover,26,4214.0,11.9,23.0
2022-05-01,Chest Dip,8,1475.0,13.8,35.8
2022-05-01,Crunch (Machine),16,8320.0,31.9,68.0
2022-05-01,Face Pull (Cable),6,1730.0,16.8,27.6
2022-05-01,Hammer Curl (Dumbbell),21,2822.0,12.8,21.9
2022-05-01,Hip Abductor (Machine),6,7220.0,66.3,116.0
2022-05-01,Hip Adductor (Machine),6,10808.0,97.5,164.7
2022-05-01,Incline Bench Press (Dumbbell),15,4620.0,30.5,49.2
2022-05-01,Incline Chest Press (Machine),3,950.0,41.7,54.0
2022-05-01,Incline Curl (Dumbbell),3,340.0,10.7,16.0
2022-05-01,Lat Pulldown (Cable),21,17450.0,77.6,117.3
2022-05-01,Lat Pulldown (Single Arm),3,1295.0,35.0,50.2
2022-05-01,Lateral Raise (Cable),12,1019.0,7.8,12.8
2022-05-01,Lateral Raise (Dumbbell),12,1896.0,12.0,18.4
2022-05-01,Leg Extension (Machine),15,21058.0,94.8,153.3
2022-05-01,Lying Leg Curl (Machine),18,13600.0,53.1,86.2
2022-05-01,Overhead Press (Dumbbell),4,1018.0,23.5,33.8
2022-05-01,Pull Up,4,250.0,7.5,13.0
2022-05-01,Pullover (Machine),19,8630.0,28.2,50.0
2022-05-01,Reverse Fly (Machine),18,15015.0,53.1,90.1
2022-05-01,Romanian Deadlift (Barbell),8,6740.0,70.0,112.0
2022-05-01,Seated Leg Curl (Machine),13,11275.0,56.9,95.3
2022-05-01,Seated Leg Press (Machine),38,47205.0,98.0,164.5
2022-05-01,Seated Row (Cable),3,2270.0,76.7,104.0
2022-05-01,Seated Row (Machine),3,2015.0,65.0,91.0
2022-05-01,Shoulder Press (Machine),18,9700.0,46.4,69.0
2022-05-01,Shrug (Dumbbell),6,2080.0,20.0,34.0
2022-05-01,Skullcrusher (Barbell),9,3490.0,28.1,45.9
2022-05-01,Standing Calf Raise (Machine),6,7410.0,65.0,108.3
2022-05-01,T Bar Row,30,14313.0,37.3,66.0
2022-05-01,Triceps Extension,3,390.0,9.2,14.7
2022-05-01,Triceps Extension (Cable),10,3185.0,22.1,37.5
2022-05-01,Triceps Pushdown (Cable - Straight Bar),6,2784.0,30.8,47.0
2022-05-01,Upright Row (Cable),3,1000.0,25.0,37.5
2022-06-01,Bench Press (Barbell),16,8935.0,61.9,106.7
2022-06-01,Bench Press - Close Grip (Barbell),8,5250.0,56.3,95.7
2022-06-01,Bicep Curl (Barbell),15,3671.0,20.1,42.7
2022-06-01,Bulgarian Split Squat,3,560.0,14.0,20.5
2022-06-01,Cable Crossover,9,1766.0,15.1,24.4
2022-06-01,Chest Dip,12,2090.0,13.8,33.3
2022-06-01,Chest Press (Machine),6,2858.0,46.3,74.8
2022-06-01,Crunch (Machine),15,12495.0,48.0,85.0
2022-06-01,Face Pull (Cable),6,1886.0,17.7,30.3
2022-06-01,Glute Kickback (Machine),3,1860.0,51.7,77.0
2022-06-01,Hammer Curl (Dumbbell),14,2080.0,14.4,21.9
2022-06-01,Incline Bench Press (Dumbbell),5,1520.0,30.8,50.4
2022-06-01,Incline Chest Press (Machine),3,990.0,38.3,52.0
2022-06-01,Incline Curl (Dumbbell),6,770.0,10.0,14.7
2022-06-01,Lat Pulldown (Cable),16,12890.0,67.5,104.0
2022-06-01,Lateral Raise (Cable),13,1091.0,7.6,11.4
2022-06-01,Lateral Raise (Dumbbell),6,912.0,12.0,17.6
2022-06-01,Leg Extension (Machine),13,17918.0,92.7,157.2
2022-06-01,Leg Press,3,6050.0,150.0,260.0
2022-06-01,Lying Leg Curl (Machine),10,7120.0,53.0,84.3
2022-06-01,Overhead Press (Dumbbell),10,2324.0,24.2,35.5
2022-06-01,Pull Up,12,845.0,9.2,18.5
2022-06-01,Pullover (Machine),13,5123.0,27.7,49.8
2022-06-01,Reverse Fly (Machine),13,10690.0,49.6,86.2
2022-06-01,Romanian Deadlift (Barbell),12,9840.0,68.3,109.3
2022-06-01,Seated Leg Curl (Machine),6,4445.0,51.7,84.3
2022-06-01,Seated Leg Press (Machine),23,23958.0,101.8,168.0
2022-06-01,Seated Row (Cable),3,2460.0,73.3,106.7
2022-06-01,Seated Row (Machine),16,13090.0,73.9,118.3
2022-06-01,Shoulder Press (Machine),12,5780.0,48.3,67.5
2022-06-01,Shrug (Dumbbell),21,9624.0,22.9,42.4
2022-06-01,Skullcrusher (Barbell),7,2484.0,27.0,41.4
2022-06-01,Standing Calf Raise (Machine),15,21165.0,72.0,135.3
2022-06-01,T Bar Row,9,4185.0,40.0,64.5
2022-06-01,Triceps Extension,9,1128.0,9.7,15.3
2022-06-01,Triceps Extension (Cable),6,2073.0,20.8,34.7
2022-06-01,Triceps Pushdown (Cable - Straight Bar),6,2655.0,29.6,46.0
2022-07-01,Bench Press (Barbell),27,15540.0,63.3,110.5
2022-07-01,Bent Over Row (Barbell),16,14030.0,65.0,107.3
2022-07-01,Bicep Curl (Barbell),3,1053.0,27.0,40.5
2022-07-01,Bicep Curl (Machine),7,4077.0,54.4,83.3
2022-07-01,Cable Crossover,24,4305.0,12.2,23.3
2022-07-01,Chest Dip,8,1380.0,13.1,29.3
2022-07-01,Crunch (Machine),3,2865.0,53.3,86.2
2022-07-01,Face Pull (Cable),9,3028.0,17.9,31.2
2022-07-01,Hammer Curl (Dumbbell),15,2190.0,13.2,19.6
2022-07-01,Hip Abductor (Machine),3,4120.0,70.0,120.8
2022-07-01,Hip Adductor (Machine),3,5415.0,95.0,158.3
2022-07-01,Incline Bench Press (Dumbbell),10,3136.0,31.0,51.6
2022-07-01,Incline Chest Press (Machine),3,1754.0,57.3,82.3
2022-07-01,Incline Curl (Dumbbell),3,508.0,11.3,18.0
2022-07-01,Lat Pulldown (Cable),19,16150.0,75.8,120.0
2022-07-01,Lateral Raise (Cable),6,630.0,8.8,12.3
2022-07-01,Lateral Raise (Dumbbell),16,2358.0,10.6,18.4
2022-07-01,Lying Leg Curl (Machine),3,1650.0,51.7,73.3
2022-07-01,Overhead Press (Dumbbell),8,2054.0,25.3,35.2
2022-07-01,Pull Up,16,1060.0,7.5,19.5
2022-07-01,Pullover (Machine),7,3509.0,29.8,52.0
2022-07-01,Reverse Fly (Machine),3,2535.0,50.0,82.3
2022-07-01,Romanian Deadlift (Barbell),8,6190.0,62.5,102.7
2022-07-01,Seated Leg Press (Machine),5,5265.0,76.5,122.7
2022-07-01,Seated Row (Cable),4,3640.0,75.0,112.0
2022-07-01,Seated Row (Machine),3,2175.0,72.5,96.7
2022-07-01,Shoulder Press (Machine),18,9560.0,45.7,67.5
2022-07-01,Shrug (Dumbbell),18,7852.0,23.0,41.6
2022-07-01,Skullcrusher (Barbell),10,3652.0,29.0,43.7
2022-07-01,Standing Calf Raise (Machine),3,3250.0,65.0,104.0
2022-07-01,T Bar Row,5,2230.0,35.0,63.0
2022-07-01,Triceps Extension,3,360.0,9.6,15.4
2022-07-01,Triceps Extension (Cable),3,1063.0,21.3,34.7
2022-07-01,Triceps Pushdown (Cable - Straight Bar),9,4484.0,29.6,51.0
2022-08-01,Back Extension,3,330.0,6.7,15.7
2022-08-01,Bench Press (Barbell),21,11125.0,64.5,104.8
2022-08-01,Bent Over Row (Barbell),4,3480.0,65.0,102.7
2022-08-01,Bicep Curl (Barbell),15,5635.0,29.8,44.8
2022-08-01,Cable Crossover,12,1994.0,11.7,23.8
2022-08-01,Chest Dip,4,645.0,13.8,27.3
2022-08-01,Chest Fly,3,2525.0,66.7,99.7
2022-08-01,Hammer Curl (Dumbbell),9,1200.0,12.0,16.8
2022-08-01,Hip Abductor (Machine),3,4160.0,65.0,114.8
2022-08-01,Hip Thrust (Barbell),3,1230.0,30.0,57.3
2022-08-01,Incline Bench Press (Dumbbell),5,1468.0,30.8,50.4
2022-08-01,Incline Curl (Dumbbell),3,360.0,10.0,14.3
2022-08-01,Lat Pulldown (Cable),12,9480.0,75.0,114.0
2022-08-01,Lat Pulldown (Single Arm),4,1650.0,36.9,56.7
2022-08-01,Lateral Raise (Cable),3,281.0,6.3,9.6
2022-08-01,Lateral Raise (Dumbbell),9,1350.0,10.0,16.0
2022-08-01,Pullover (Machine),3,1575.0,30.4,50.0
2022-08-01,Reverse Fly (Machine),3,2168.0,42.5,69.4
2022-08-01,Romanian Deadlift (Barbell),4,3420.0,55.0,92.0
2022-08-01,Seated Leg Press (Machine),3,4225.0,65.0,114.8
2022-08-01,Seated Overhead Press (Dumbbell),6,1518.0,25.3,35.5
2022-08-01,Seated Row (Machine),8,7100.0,74.4,114.7
2022-08-01,Shoulder Press (Machine),10,4665.0,47.5,69.0
2022-08-01,Shrug (Dumbbell),12,4780.0,20.0,34.0
2022-08-01,T Bar Row,4,1605.0,31.3,56.0
2022-08-01,Triceps Extension,3,769.0,18.8,28.8
2022-08-01,Triceps Pushdown (Cable - Straight Bar),12,5956.0,31.5,52.1
2022-09-01,Bench Press (Barbell),33,18945.0,62.4,107.7
2022-09-01,Bicep Curl (Barbell),6,2419.0,31.2,46.2
2022-09-01,Cable Crossover,14,2266.0,12.2,21.5
2022-09-01,Chest Dip,4,655.0,13.8,26.7
2022-09-01,Chest Fly,9,7898.0,66.4,103.5
2022-09-01,Hammer Curl (Dumbbell),24,3094.0,11.8,17.6
2022-09-01,Hip Abductor (Machine),6,8190.0,65.0,114.8
2022-09-01,Hip Adductor (Machine),6,9860.0,85.0,141.7
2022-09-01,Hip Thrust (Barbell),3,2400.0,56.7,86.0
2022-09-01,Incline Bench Press (Dumbbell),5,1538.0,31.6,51.6
2022-09-01,Incline Curl (Dumbbell),18,2922.0,12.2,19.6
2022-09-01,Lat Pulldown (Cable),30,23800.0,73.0,120.0
2022-09-01,Lateral Raise (Cable),21,2191.0,7.3,11.8
2022-09-01,Leg Extension (Machine),9,8815.0,62.5,106.2
2022-09-01,Pull Up,4,270.0,7.5,13.3
2022-09-01,Pullover (Machine),9,4514.0,30.9,53.1
2022-09-01,Reverse Fly (Machine),9,6378.0,45.8,76.7
2022-09-01,Romanian Deadlift (Barbell),18,15830.0,65.6,112.0
2022-09-01,Seated Leg Curl (Machine),23,19445.0,52.4,95.3
2022-09-01,Seated Leg Press (Machine),18,20290.0,77.4,136.0
2022-09-01,Seated Overhead Press (Dumbbell),12,3298.0,25.8,39.0
2022-09-01,Seated Row (Machine),29,13770.0,44.6,112.0
2022-09-01,Shoulder Press (Machine),9,5085.0,45.6,66.0
2022-09-01,Shrug (Dumbbell),24,10764.0,23.5,43.2
2022-09-01,Squat (Smith Machine),6,3100.0,56.7,86.0
2022-09-01,Triceps Extension,12,3294.0,20.3,32.6
2022-09-01,Triceps Pushdown (Cable - Straight Bar),9,3868.0,29.9,47.0
2022-10-01,Bench Press (Barbell),23,14820.0,62.4,114.7
2022-10-01,Bicep Curl (Barbell),13,5159.0,31.2,49.1
2022-10-01,Cable Crossover,11,2243.0,13.5,26.0
2022-10-01,Chest Fly,7,7343.0,70.4,112.0
2022-10-01,Chest Press (Machine),3,1040.0,40.0,52.0
2022-10-01,Hammer Curl (Dumbbell),9,1404.0,12.0,17.6
2022-10-01,Hip Abductor (Machine),9,13920.0,72.5,125.7
2022-10-01,Hip Adductor (Machine),12,24598.0,103.3,198.0
2022-10-01,Hip Thrust (Barbell),3,2400.0,56.7,86.0
2022-10-01,Incline Bench Press (Dumbbell),5,1576.0,30.8,51.6
2022-10-01,Incline Curl (Dumbbell),7,1220.0,12.9,20.5
2022-10-01,Lat Pulldown (Cable),24,20910.0,81.7,129.0
2022-10-01,Lateral Raise (Cable),9,990.0,7.5,11.5
2022-10-01,Lateral Raise (Dumbbell),6,938.0,10.7,16.8
2022-10-01,Leg Extension (Machine),6,7280.0,68.8,116.0
2022-10-01,Reverse Fly (Machine),3,2593.0,50.8,82.3
2022-10-01,Romanian Deadlift (Barbell),9,8550.0,62.2,114.7
2022-10-01,Seated Leg Curl (Machine),22,18710.0,55.8,101.8
2022-10-01,Seated Leg Press (Machine),15,15760.0,86.3,139.3
2022-10-01,Seated Overhead Press (Dumbbell),6,2080.0,26.0,39.9
2022-10-01,Seated Row (Cable),4,3610.0,77.5,117.0
2022-10-01,Seated Row (Machine),18,8425.0,44.4,63.3
2022-10-01,Shoulder Press (Machine),10,5785.0,48.5,71.7
2022-10-01,Shrug (Barbell),3,1274.0,26.0,40.7
2022-10-01,Shrug (Dumbbell),9,4758.0,26.0,46.8
2022-10-01,Skullcrusher (Barbell),3,1307.0,28.7,45.0
2022-10-01,Triceps Pushdown (Cable - Straight Bar),12,6329.0,32.9,55.3
2022-10-01,Upright Row (Cable),12,5043.0,25.0,42.2
2022-11-01,Bench Press (Barbell),18,11045.0,60.6,109.3
2022-11-01,Bicep Curl (Barbell),7,2592.0,28.8,44.8
2022-11-01,Bicep Curl (Machine),6,3999.0,55.8,81.3
2022-11-01,Cable Crossover,3,525.0,14.2,22.5
2022-11-01,Chest Dip,8,1580.0,13.8,30.0
2022-11-01,Chest Fly,3,2650.0,66.7,99.7
2022-11-01,Hammer Curl (Dumbbell),6,748.0,12.7,18.7
2022-11-01,Hip Abductor (Machine),3,4495.0,72.5,125.7
2022-11-01,Hip Adductor (Machine),3,5850.0,97.5,170.8
2022-11-01,Incline Bench Press (Dumbbell),5,1772.0,28.4,45.9
2022-11-01,Iso-Lateral Row (Machine),4,1890.0,41.3,60.0
2022-11-01,Lat Pulldown (Cable),12,11610.0,82.5,132.0
2022-11-01,Lateral Raise (Cable),9,1020.0,7.5,11.8
2022-11-01,Leg Extension (Machine),3,3480.0,72.5,113.6
2022-11-01,Lying Leg Curl (Machine),5,3648.0,53.0,80.5
2022-11-01,Overhead Press (Dumbbell),6,1488.0,24.0,33.6
2022-11-01,Pull Up,4,220.0,7.5,13.0
2022-11-01,Romanian Deadlift (Barbell),10,8415.0,57.0,110.0
2022-11-01,Seated Leg Curl (Machine),10,8143.0,57.0,95.3
2022-11-01,Seated Leg Press (Machine),16,17788.0,86.6,164.0
2022-11-01,Seated Row (Machine),8,7108.0,80.3,113.3
2022-11-01,Shoulder Press (Machine),7,3485.0,44.3,66.0
2022-11-01,Shrug (Dumbbell),3,1320.0,22.0,36.7
2022-11-01,T Bar Row,4,1900.0,32.5,56.0
2022-11-01,Triceps Pushdown (Cable - Straight Bar),12,6605.0,31.3,52.0
2022-11-01,Upright Row (Cable),14,5707.0,26.9,44.1
2022-12-01,Back Extension,6,870.0,8.3,16.3
2022-12-01,Bench Press (Barbell),17,9700.0,60.0,106.7
2022-12-01,Bicep Curl (Barbell),12,4539.0,29.1,46.9
2022-12-01,Bicep Curl (Machine),4,2407.0,54.9,79.6
2022-12-01,Cable Crossover,3,573.0,13.3,22.0
2022-12-01,Chest Dip,11,1550.0,9.5,29.3
2022-12-01,Hammer Curl (Dumbbell),6,756.0,12.0,16.8
2022-12-01,Hip Abductor (Machine),4,5970.0,71.9,135.3
2022-12-01,Hip Adductor (Machine),3,5898.0,100.0,170.8
2022-12-01,Incline Bench Press (Dumbbell),5,1646.0,29.2,45.9
2022-12-01,Iso-Lateral Row (Machine),12,5755.0,39.6,60.0
2022-12-01,Lat Pulldown (Cable),21,16630.0,76.2,123.0
2022-12-01,Lateral Raise (Cable),12,1291.0,7.6,12.3
2022-12-01,Leg Extension (Machine),6,7335.0,76.3,133.3
2022-12-01,Lying Leg Curl (Machine),3,2440.0,50.0,80.5
2022-12-01,Pullover (Machine),3,1265.0,28.8,44.1
2022-12-01,Romanian Deadlift (Barbell),9,7140.0,51.1,105.0
2022-12-01,Seated Leg Curl (Machine),12,10588.0,56.9,104.0
2022-12-01,Seated Leg Press (Machine),15,18480.0,87.0,153.8
2022-12-01,Seated Overhead Press (Dumbbell),11,2782.0,22.4,33.6
2022-12-01,Seated Row (Cable),4,2860.0,62.5,93.3
2022-12-01,Shrug (Dumbbell),6,2652.0,22.0,43.2
2022-12-01,Squat (Smith Machine),4,1110.0,27.5,60.0
2022-12-01,Triceps Extension,3,988.0,20.0,32.6
2022-12-01,Triceps Extension (Cable),7,2310.0,21.4,38.3
2022-12-01,Triceps Pushdown (Cable - Straight Bar),3,1525.0,31.3,49.8
2022-12-01,Upright Row (Cable),7,2796.0,26.2,41.5
2023-01-01,Back Extension,12,2110.0,10.0,16.7
2023-01-01,Bench Press (Barbell),18,11205.0,63.1,106.7
2023-01-01,Bicep Curl (Barbell),15,6106.0,30.8,47.2
2023-01-01,Bicep Curl (Machine),12,8159.0,55.3,92.0
2023-01-01,Cable Crossover,6,1255.0,14.6,22.5
2023-01-01,Chest Dip,9,2895.0,21.1,36.7
2023-01-01,Chest Fly,3,2730.0,65.0,99.7
2023-01-01,Hammer Curl (Dumbbell),15,1902.0,11.7,19.6
2023-01-01,Hip Abductor (Machine),3,4328.0,73.3,125.7
2023-01-01,Hip Adductor (Machine),3,6355.0,102.5,177.7
2023-01-01,Incline Bench Press (Dumbbell),20,7086.0,30.2,51.6
2023-01-01,Incline Curl (Dumbbell),4,576.0,12.0,17.6
2023-01-01,Lat Pulldown (Cable),40,33470.0,77.3,126.0
2023-01-01,Lateral Raise (Cable),12,1354.0,7.6,11.7
2023-01-01,Lateral Raise (Dumbbell),6,940.0,10.0,16.0
2023-01-01,Leg Extension (Machine),9,11780.0,83.9,134.2
2023-01-01,Leg Press,9,23130.0,160.0,293.3
2023-01-01,Lunge (Dumbbell),12,2194.0,15.3,25.2
2023-01-01,Lying Leg Curl (Machine),9,6203.0,51.1,80.5
2023-01-01,Overhead Press (Dumbbell),6,1734.0,23.0,34.5
2023-01-01,Pullover (Machine),3,1885.0,32.5,54.2
2023-01-01,Reverse Fly (Machine),3,2900.0,50.0,83.3
2023-01-01,Romanian Deadlift (Barbell),21,17835.0,57.6,110.0
2023-01-01,Seated Leg Curl (Machine),30,26468.0,56.7,101.3
2023-01-01,Seated Leg Press (Machine),25,34350.0,95.3,165.0
2023-01-01,Seated Overhead Press (Dumbbell),10,2176.0,24.6,34.4
2023-01-01,Seated Row (Cable),30,25050.0,66.3,106.7
2023-01-01,Seated Row (Machine),4,3205.0,78.1,109.3
2023-01-01,Shoulder Press (Machine),6,3485.0,46.7,71.7
2023-01-01,Shrug (Dumbbell),15,7250.0,24.4,44.2
2023-01-01,Skullcrusher (Barbell),3,1366.0,28.7,45.0
2023-01-01,Triceps Extension,9,2658.0,18.3,32.6
2023-01-01,Triceps Pushdown (Cable - Straight Bar),9,4700.0,31.5,52.1
2023-01-01,Upright Row (Cable),6,2761.0,27.5,46.0
2023-02-01,Bench Press (Barbell),16,11135.0,60.9,107.3
2023-02-01,Bicep Curl (Barbell),4,1461.0,30.8,44.8
2023-02-01,Cable Crossover,8,1489.0,12.7,24.9
2023-02-01,Chest Dip,8,2125.0,18.8,38.3
2023-02-01,Hip Abductor (Machine),3,4495.0,72.5,125.7
2023-02-01,Hip Adductor (Machine),3,6450.0,107.5,183.3
2023-02-01,Incline Bench Press (Dumbbell),5,1604.0,31.2,50.4
2023-02-01,Incline Curl (Dumbbell),8,1080.0,12.0,17.6
2023-02-01,Lat Pulldown (Cable),8,6250.0,78.8,122.7
2023-02-01,Lateral Raise (Cable),6,690.0,7.5,11.5
2023-02-01,Lateral Raise (Dumbbell),8,864.0,7.0,12.8
2023-02-01,Leg Extension (Machine),6,9500.0,85.0,142.9
2023-02-01,Lunge (Dumbbell),9,1976.0,18.2,27.3
2023-02-01,Lying Leg Curl (Machine),7,4583.0,53.6,80.5
2023-02-01,Pull Up,5,500.0,10.0,20.0
2023-02-01,Pullover (Machine),3,1690.0,32.5,52.0
2023-02-01,Romanian Deadlift (Barbell),5,4120.0,62.0,98.0
2023-02-01,Seated Leg Curl (Machine),9,8673.0,62.2,103.5
2023-02-01,Seated Leg Press (Machine),15,23603.0,95.5,164.0
2023-02-01,Seated Overhead Press (Dumbbell),11,3168.0,24.4,36.8
2023-02-01,Seated Row (Cable),13,11010.0,66.2,107.3
2023-02-01,Shoulder Press (Machine),3,1865.0,48.3,70.5
2023-02-01,Shrug (Dumbbell),9,4810.0,26.0,45.9
2023-02-01,Triceps Extension,3,893.0,17.5,27.4
2023-02-01,Triceps Extension (Cable),3,1086.0,20.4,34.7
2023-02-01,Triceps Pushdown (Cable - Straight Bar),6,3139.0,31.9,54.2
2023-02-01,Upright Row (Cable),6,2689.0,28.1,44.1
2023-03-01,Back Extension,6,1080.0,10.0,16.7
2023-03-01,Bench Press (Barbell),18,10620.0,60.0,106.7
2023-03-01,Cable Crossover,13,2360.0,13.5,22.0
2023-03-01,Chest Dip,10,2280.0,18.0,33.3
2023-03-01,Crunch (Machine),9,9605.0,56.1,100.0
2023-03-01,Incline Bench Press (Dumbbell),5,1724.0,29.6,48.7
2023-03-01,Incline Curl (Dumbbell),15,2100.0,11.2,18.4
2023-03-01,Knee Raise (Captain's Chair),3,0.0,0.0,0.0
2023-03-01,Lateral Raise (Cable),10,990.0,7.5,11.5
2023-03-01,Leg Extension (Machine),3,2318.0,45.0,83.3
2023-03-01,Leg Press,3,1333.0,40.0,56.7
2023-03-01,Lunge (Dumbbell),9,1880.0,19.8,28.0
2023-03-01,Lying Leg Curl (Machine),12,7470.0,50.0,80.5
2023-03-01,Pull Up,14,680.0,4.6,20.0
2023-03-01,Pullover (Machine),6,3384.0,30.5,54.2
2023-03-01,Reverse Fly (Machine),9,7288.0,44.2,76.7
2023-03-01,Romanian Deadlift (Barbell),12,10800.0,60.8,107.3
2023-03-01,Seated Calf Raise (Plate Loaded),3,1560.0,30.0,49.0
2023-03-01,Seated Leg Curl (Machine),7,6155.0,61.1,103.5
2023-03-01,Seated Leg Press (Machine),18,22728.0,90.8,150.3
2023-03-01,Seated Overhead Press (Dumbbell),15,4088.0,24.8,38.1
2023-03-01,Seated Row (Cable),8,6370.0,63.8,98.0
2023-03-01,Seated Row (Machine),8,6960.0,80.0,112.0
2023-03-01,Shoulder Press (Machine),4,1715.0,37.5,54.7
2023-03-01,Shrug (Dumbbell),9,4386.0,24.7,43.3
2023-03-01,Standing Calf Raise (Machine),4,4600.0,57.5,95.8
2023-03-01,Triceps Extension (Cable),6,1771.0,21.3,32.6
2023-03-01,Triceps Pushdown (Cable - Straight Bar),4,1675.0,30.6,46.6
2023-04-01,Back Extension,6,1200.0,10.0,16.7
2023-04-01,Bench Press (Barbell),12,7375.0,60.4,109.3
2023-04-01,Bicep Curl (Machine),4,2332.0,53.0,76.0
2023-04-01,Cable Crossover,3,754.0,14.5,23.2
2023-04-01,Chest Dip,3,760.0,20.0,31.3
2023-04-01,Chest Press (Machine),3,928.0,33.3,44.4
2023-04-01,Crunch (Machine),6,7550.0,60.4,104.2
2023-04-01,Hip Abductor (Machine),3,3900.0,65.0,112.7
2023-04-01,Hip Adductor (Machine),3,5945.0,102.5,170.8
2023-04-01,Incline Curl (Dumbbell),4,578.0,11.0,18.0
2023-04-01,Knee Raise (Captain's Chair),6,0.0,0.0,0.0
2023-04-01,Lat Pulldown (Cable),9,7900.0,78.9,114.7
2023-04-01,Lateral Raise (Cable),6,750.0,7.5,12.0
2023-04-01,Leg Press,3,1615.0,42.5,60.9
2023-04-01,Lunge (Dumbbell),6,1518.0,21.7,31.5
2023-04-01,Lying Leg Curl (Machine),4,2770.0,53.1,84.3
2023-04-01,Preacher Curl (Barbell),4,991.0,23.3,35.1
2023-04-01,Pull Up,4,300.0,7.5,14.0
2023-04-01,Pullover (Machine),8,4679.0,31.6,54.2
2023-04-01,Reverse Fly (Machine),6,5475.0,44.6,78.0
2023-04-01,Romanian Deadlift (Barbell),10,9100.0,56.0,109.7
2023-04-01,Seated Calf Raise (Plate Loaded),10,6280.0,31.8,56.3
2023-04-01,Seated Leg Curl (Machine),4,3630.0,60.0,104.0
2023-04-01,Seated Leg Press (Machine),8,11793.0,92.5,157.2
2023-04-01,Seated Overhead Press (Dumbbell),4,1208.0,25.5,41.6
2023-04-01,Seated Row (Machine),8,7395.0,82.2,115.5
2023-04-01,Shoulder Press (Machine),4,2290.0,40.0,61.5
2023-04-01,Shrug (Dumbbell),3,1430.0,26.0,42.5
2023-04-01,T Bar Row,4,2065.0,33.8,57.3
2023-04-01,Triceps Pushdown (Cable - Straight Bar),6,3173.0,31.3,52.0
2023-05-01,Bench Press (Barbell),28,15810.0,61.3,109.3
2023-05-01,Bent Over Row (Barbell),4,2740.0,50.0,86.0
2023-05-01,Bicep Curl (Machine),4,3136.0,56.5,86.0
2023-05-01,Cable Crossover,10,2126.0,13.6,23.2
2023-05-01,Chest Fly,9,9915.0,67.2,110.5
2023-05-01,Crunch (Machine),9,9525.0,61.7,106.2
2023-05-01,Incline Bench Press (Dumbbell),10,3282.0,29.8,47.6
2023-05-01,Knee Raise (Captain's Chair),3,0.0,0.0,0.0
2023-05-01,Lat Pulldown (Cable),12,11470.0,82.5,129.0
2023-05-01,Lateral Raise (Cable),3,314.0,7.7,11.5
2023-05-01,Lateral Raise (Dumbbell),13,1756.0,8.2,14.7
2023-05-01,Leg Extension (Machine),15,18575.0,74.7,133.3
2023-05-01,Lying Leg Curl (Machine),3,1080.0,30.0,43.0
2023-05-01,Overhead Press (Dumbbell),4,1398.0,25.5,39.9
2023-05-01,Preacher Curl (Barbell),15,5609.0,24.0,43.2
2023-05-01,Pull Up,9,310.0,4.4,18.5
2023-05-01,Reverse Fly (Machine),6,5190.0,52.1,84.3
2023-05-01,Romanian Deadlift (Barbell),17,14550.0,58.8,107.3
2023-05-01,Seated Calf Raise (Plate Loaded),19,9748.0,27.0,51.0
2023-05-01,Seated Leg Curl (Machine),14,12033.0,61.3,99.7
2023-05-01,Seated Leg Press (Machine),19,22788.0,98.4,160.6
2023-05-01,Seated Overhead Press (Dumbbell),14,3962.0,24.1,37.6
2023-05-01,Seated Row (Cable),8,5860.0,57.5,88.0
2023-05-01,Seated Row (Machine),4,3760.0,80.0,112.0
2023-05-01,Shoulder Press (Machine),3,1630.0,43.3,61.5
2023-05-01,Skullcrusher (Barbell),12,4699.0,26.8,45.9
2023-05-01,Standing Calf Raise (Machine),7,8670.0,61.8,110.5
2023-05-01,T Bar Row,4,2300.0,41.3,63.0
2023-05-01,Triceps Pushdown (Cable - Straight Bar),3,1713.0,31.3,54.2
2023-06-01,Bench Press (Barbell),11,7155.0,63.6,102.5
2023-06-01,Bent Over Row (Barbell),6,4380.0,51.7,88.0
2023-06-01,Bicep Curl (Dumbbell),6,952.0,13.7,20.1
2023-06-01,Deadlift (Barbell),10,8410.0,77.0,122.7
2023-06-01,Face Pull (Cable),3,984.0,17.6,30.0
2023-06-01,Incline Bench Press (Dumbbell),10,3112.0,28.6,45.9
2023-06-01,Lateral Raise (Dumbbell),3,480.0,10.0,16.0
2023-06-01,Leg Extension (Machine),3,3780.0,70.0,116.0
2023-06-01,Preacher Curl (Barbell),3,1107.0,27.0,41.4
2023-06-01,Pull Up,6,470.0,8.3,14.0
2023-06-01,Reverse Fly (Machine),3,2950.0,50.0,83.3
2023-06-01,Romanian Deadlift (Barbell),4,3100.0,67.5,98.0
2023-06-01,Seated Calf Raise (Plate Loaded),13,8250.0,29.2,55.0
2023-06-01,Seated Leg Press (Machine),4,4815.0,100.6,154.0
2023-06-01,Seated Overhead Press (Dumbbell),3,930.0,25.3,36.8
2023-06-01,Seated Row (Cable),3,2690.0,60.0,100.3
2023-06-01,Seated Row (Machine),3,3440.0,80.0,120.0
2023-06-01,Skullcrusher (Barbell),3,1377.0,27.0,44.1
2023-06-01,Squat (Barbell),5,2920.0,52.0,93.3
2023-06-01,Strict Military Press (Barbell),4,1525.0,37.5,58.5
2023-06-01,Triceps Extension,3,893.0,17.5,27.4
2023-07-01,Bench Press (Barbell),28,20083.0,62.0,112.0
2023-07-01,Bent Over Row (Barbell),7,6013.0,58.6,93.8
2023-07-01,Chest Fly,3,3610.0,68.3,109.7
2023-07-01,Deadlift (Barbell),10,8710.0,80.0,126.7
2023-07-01,Face Pull (Cable),3,980.0,17.5,29.2
2023-07-01,Hammer Curl (Dumbbell),6,1008.0,14.0,20.5
2023-07-01,Incline Bench Press (Dumbbell),10,3634.0,29.6,48.0
2023-07-01,Lateral Raise (Cable),6,735.0,7.8,12.8
2023-07-01,Lateral Raise (Dumbbell),3,480.0,8.0,13.3
2023-07-01,Leg Extension (Machine),9,11748.0,69.2,128.0
2023-07-01,Preacher Curl (Barbell),6,2316.0,27.8,43.2
2023-07-01,Pull Up,6,590.0,10.0,14.0
2023-07-01,Reverse Fly (Machine),3,2783.0,52.5,87.5
2023-07-01,Romanian Deadlift (Barbell),8,7300.0,67.5,112.0
2023-07-01,Seated Calf Raise (Plate Loaded),13,8580.0,31.5,65.3
2023-07-01,Seated Leg Press (Machine),12,18778.0,105.0,172.5
2023-07-01,Seated Overhead Press (Dumbbell),6,1910.0,26.7,41.6
2023-07-01,Seated Row (Cable),10,9850.0,72.0,116.7
2023-07-01,Seated Row (Machine),6,5975.0,85.8,121.8
2023-07-01,Skullcrusher (Barbell),6,2817.0,29.1,46.2
2023-07-01,Squat (Barbell),10,6740.0,52.0,100.3
2023-07-01,Strict Military Press (Barbell),12,4488.0,42.3,63.3
2023-07-01,Triceps Extension,9,2916.0,19.8,33.3
2023-08-01,Bench Press (Barbell),15,9710.0,58.7,109.3
2023-08-01,Bent Over Row (Barbell),4,3125.0,60.0,92.0
2023-08-01,Deadlift (Barbell),4,2800.0,75.0,117.0
2023-08-01,Face Pull (Cable),3,858.0,17.5,27.4
2023-08-01,Hammer Curl (Dumbbell),2,298.0,13.0,19.1
2023-08-01,Incline Bench Press (Dumbbell),10,2908.0,28.8,43.7
2023-08-01,Lat Pulldown (Cable),9,7400.0,84.4,120.0
2023-08-01,Lateral Raise (Cable),6,727.0,7.8,12.5
2023-08-01,Lateral Raise (Dumbbell),3,408.0,8.0,12.8
2023-08-01,Leg Extension (Machine),3,3315.0,65.0,104.0
2023-08-01,Overhead Press (Dumbbell),3,624.0,26.0,35.5
2023-08-01,Preacher Curl (Barbell),3,837.0,27.0,38.7
2023-08-01,Pull Up,3,250.0,10.0,13.0
2023-08-01,Romanian Deadlift (Barbell),3,2780.0,66.7,102.7
2023-08-01,Seated Leg Press (Machine),8,12915.0,96.9,172.3
2023-08-01,Seated Overhead Press (Dumbbell),3,702.0,26.0,36.4
2023-08-01,Seated Row (Machine),7,6375.0,82.9,123.0
2023-08-01,Shoulder Press (Machine),3,1875.0,45.0,68.0
2023-08-01,Squat (Barbell),5,2850.0,62.0,88.7
2023-08-01,Triceps Extension,6,1668.0,17.1,28.8
2023-09-01,Bench Press (Barbell),16,9845.0,59.7,106.7
2023-09-01,Bicep Curl (Barbell),6,2277.0,29.9,44.3
2023-09-01,Cable Crossover,3,675.0,15.0,24.0
2023-09-01,Chest Dip,4,890.0,17.5,28.0
2023-09-01,Hack Squat,12,6100.0,44.2,95.7
2023-09-01,Hammer Curl (Dumbbell),13,1910.0,12.6,20.5
2023-09-01,Incline Bench Press (Dumbbell),5,1888.0,28.8,46.9
2023-09-01,Lat Pulldown (Cable),7,6110.0,82.9,120.0
2023-09-01,Lateral Raise (Dumbbell),7,828.0,8.1,14.0
2023-09-01,Leg Extension (Machine),4,4700.0,66.9,122.7
2023-09-01,Overhead Press (Dumbbell),5,1222.0,23.2,35.5
2023-09-01,Pull Up,3,0.0,0.0,0.0
2023-09-01,Pullover (Machine),3,1208.0,28.8,44.1
2023-09-01,Romanian Deadlift (Barbell),4,3550.0,65.0,107.3
2023-09-01,Seated Leg Curl (Machine),4,3443.0,60.6,95.8
2023-09-01,Seated Overhead Press (Dumbbell),3,702.0,26.0,35.5
2023-09-01,Seated Row (Cable),8,6180.0,67.5,104.0
2023-09-01,Skullcrusher (Barbell),3,1161.0,27.0,41.4
2023-09-01,Squat (Barbell),3,1020.0,40.0,70.0
2023-09-01,T Bar Row,3,1160.0,30.0,49.0
2023-09-01,Triceps Pushdown (Cable - Straight Bar),6,2705.0,29.4,49.8
2023-09-01,schlitten ziehen,6,750.0,62.5,69.3
2023-10-01,Bench Press (Barbell),17,10410.0,61.8,109.3
2023-10-01,Bicep Curl (Barbell),15,5756.0,31.5,48.0
2023-10-01,Cable Crossover,14,2668.0,13.5,23.5
2023-10-01,Chest Dip,3,690.0,15.0,23.0
2023-10-01,Face Pull (Cable),16,4988.0,17.5,29.8
2023-10-01,Hammer Curl (Dumbbell),12,1410.0,10.0,14.7
2023-10-01,Incline Bench Press (Dumbbell),10,3718.0,30.6,49.9
2023-10-01,Lat Pulldown (Cable),20,18220.0,84.0,129.0
2023-10-01,Lateral Raise (Dumbbell),18,2360.0,10.1,16.8
2023-10-01,Leg Extension (Machine),3,3080.0,60.0,101.8
2023-10-01,Leg Press,6,16880.0,161.7,282.0
2023-10-01,Pullover (Machine),7,3319.0,30.9,50.9
2023-10-01,Romanian Deadlift (Barbell),20,17790.0,65.3,107.5
2023-10-01,Seated Leg Curl (Machine),7,5695.0,57.5,92.0
2023-10-01,Seated Leg Press (Machine),11,18255.0,102.5,172.3
2023-10-01,Seated Overhead Press (Dumbbell),19,5732.0,24.6,40.7
2023-10-01,Seated Row (Cable),10,7210.0,65.0,98.0
2023-10-01,Squat (Barbell),12,7540.0,52.5,93.3
2023-10-01,Triceps Pushdown (Cable - Straight Bar),15,7766.0,32.5,54.2
2023-10-01,Upright Row (Dumbbell),18,2280.0,10.1,16.8
2023-11-01,Bench Press (Barbell),13,8270.0,62.3,106.7
2023-11-01,Bicep Curl (Barbell),3,1248.0,32.0,48.0
2023-11-01,Cable Crossover,4,700.0,12.5,23.0
2023-11-01,Hammer Curl (Dumbbell),3,384.0,12.0,16.4
2023-11-01,Lat Pulldown (Cable),4,3640.0,85.0,126.0
2023-11-01,Lateral Raise (Dumbbell),4,564.0,11.0,16.8
2023-11-01,Pullover (Machine),3,1560.0,32.5,49.8
2023-11-01,Reverse Fly (Machine),3,2800.0,49.2,84.0
2023-11-01,Romanian Deadlift (Barbell),4,3990.0,70.0,109.7
2023-11-01,Seated Overhead Press (Dumbbell),8,2340.0,27.3,39.9
2023-11-01,Seated Row (Cable),3,2720.0,76.7,112.0
2023-11-01,Squat (Barbell),11,7020.0,52.7,98.0
2023-11-01,Triceps Pushdown (Cable - Straight Bar),3,1658.0,32.5,53.1
2023-11-01,Upright Row (Dumbbell),4,544.0,10.5,16.8
2023-12-01,Bench Press (Barbell),5,3220.0,56.0,95.7
2023-12-01,Bicep Curl (Barbell),6,2361.0,29.9,45.2
2023-12-01,Bicep Curl (Cable),3,914.0,21.3,32.6
2023-12-01,Cable Crossover,3,591.0,13.8,21.1
2023-12-01,Face Pull (Cable),3,780.0,15.0,24.0
2023-12-01,Hammer Curl (Dumbbell),3,396.0,12.0,16.4
2023-12-01,Incline Bench Press (Dumbbell),10,2974.0,29.2,45.3
2023-12-01,Lat Pulldown (Cable),6,6110.0,81.7,123.0
2023-12-01,Lateral Raise (Dumbbell),3,430.0,10.0,15.7
2023-12-01,Pullover (Machine),3,1625.0,32.5,52.0
2023-12-01,Romanian Deadlift (Barbell),8,6770.0,65.0,102.7
2023-12-01,Seated Overhead Press (Dumbbell),11,3520.0,24.9,39.9
2023-12-01,Seated Row (Cable),3,2640.0,66.7,98.0
2023-12-01,Squat (Barbell),9,5310.0,48.9,84.0
2023-12-01,Triceps Extension,6,1733.0,17.5,28.0
2023-12-01,Triceps Pushdown (Cable - Straight Bar),3,1398.0,32.5,52.0
2023-12-01,Upright Row (Dumbbell),3,420.0,10.0,15.3
2024-01-01,Bench Press (Barbell),8,5370.0,62.5,95.7
2024-01-01,Bent Over One Arm Row (Dumbbell),4,1496.0,25.0,40.7
2024-01-01,Bicep Curl (Barbell),12,4673.0,30.5,49.1
2024-01-01,Bicep Curl (Cable),4,515.0,9.4,14.7
2024-01-01,Cable Crossover,14,2060.0,11.4,21.0
2024-01-01,Face Pull (Cable),3,1013.0,18.8,31.9
2024-01-01,Hammer Curl (Dumbbell),7,776.0,11.1,16.0
2024-01-01,Incline Bench Press (Dumbbell),17,5424.0,29.2,45.9
2024-01-01,Lat Pulldown (Cable),9,8020.0,75.6,120.0
2024-01-01,Lateral Raise (Dumbbell),18,2352.0,8.8,16.3
2024-01-01,Leg Extension (Machine),4,3540.0,53.8,88.2
2024-01-01,Lunge (Dumbbell),9,1808.0,16.9,27.3
2024-01-01,Pull Up,12,760.0,5.4,14.7
2024-01-01,Pullover (Machine),12,4216.0,23.9,42.2
2024-01-01,Reverse Fly (Dumbbell),7,660.0,6.9,12.3
2024-01-01,Romanian Deadlift (Barbell),4,3180.0,65.0,100.3
2024-01-01,Seated Calf Raise (Plate Loaded),12,4910.0,21.7,41.7
2024-01-01,Seated Leg Curl (Machine),4,3385.0,65.0,95.3
2024-01-01,Seated Overhead Press (Dumbbell),14,4282.0,26.1,42.9
2024-01-01,Seated Row (Cable),12,8683.0,57.7,112.0
2024-01-01,Seated Row (Machine),4,3570.0,74.4,112.0
2024-01-01,Shoulder Press (Machine),3,1720.0,43.3,63.0
2024-01-01,Shrug (Dumbbell),11,4324.0,24.5,41.6
2024-01-01,Skullcrusher (Barbell),6,1944.0,27.0,41.4
2024-01-01,Split Squat Dumbbell,6,870.0,10.0,15.3
2024-01-01,Squat (Barbell),18,12260.0,51.7,100.3
2024-01-01,Stiff Leg Deadlift (Dumbbell),4,1288.0,25.0,37.3
2024-01-01,Triceps Extension (Cable),6,615.0,7.5,11.3
2024-01-01,Upright Row (Dumbbell),3,330.0,10.0,14.3
2024-02-01,Bent Over Row (Barbell),4,3100.0,57.5,88.0
2024-02-01,Bicep Curl (Barbell),6,2646.0,29.9,48.3
2024-02-01,Bicep Curl (Cable),3,390.0,10.0,14.7
2024-02-01,Cable Crossover,3,475.0,12.5,17.9
2024-02-01,Face Pull (Cable),6,1670.0,17.1,27.4
2024-02-01,Hammer Curl (Dumbbell),6,756.0,12.0,16.8
2024-02-01,Incline Bench Press (Dumbbell),5,1496.0,28.8,44.8
2024-02-01,Incline Curl (Dumbbell),3,426.0,9.3,15.3
2024-02-01,Lateral Raise (Dumbbell),3,360.0,8.0,12.3
2024-02-01,Lying Leg Curl (Machine),6,3248.0,47.1,71.7
2024-02-01,Pull Up,9,590.0,6.7,14.3
2024-02-01,Pullover (Machine),3,1233.0,28.8,46.6
2024-02-01,Reverse Fly (Machine),3,2115.0,45.0,69.0
2024-02-01,Romanian Deadlift (Barbell),8,6710.0,65.0,102.7
2024-02-01,Seated Calf Raise (Plate Loaded),4,1600.0,20.0,34.0
2024-02-01,Seated Row (Machine),6,5070.0,65.0,95.3
2024-02-01,Skullcrusher (Barbell),3,972.0,27.0,38.7
2024-02-01,Split Squat Dumbbell,6,1040.0,12.0,21.0
2024-02-01,Squat (Barbell),5,3200.0,52.0,93.3
2024-02-01,Stiff Leg Deadlift (Dumbbell),4,1418.0,25.0,38.1
2024-03-01,Bench Press (Barbell),12,7810.0,60.8,109.3
2024-03-01,Bent Over Row (Barbell),14,11635.0,58.9,99.7
2024-03-01,Bicep Curl (Barbell),11,4618.0,31.1,51.2
2024-03-01,Bicep Curl (Cable),16,5591.0,24.7,40.3
2024-03-01,Calf Press on Leg Press,4,4720.0,62.5,116.7
2024-03-01,Chest Dip,8,1550.0,14.4,33.3
2024-03-01,Chest Fly,6,5695.0,63.3,101.8
2024-03-01,Face Pull (Cable),9,3442.0,21.1,35.7
2024-03-01,Incline Bench Press (Dumbbell),10,3300.0,28.8,45.9
2024-03-01,Lat Pulldown (Cable),8,7825.0,83.1,123.3
2024-03-01,Lateral Raise (Cable),10,928.0,6.8,11.0
2024-03-01,Lateral Raise (Dumbbell),4,472.0,8.0,12.3
2024-03-01,Leg Extension (Machine),6,7748.0,43.8,90.0
2024-03-01,Lying Leg Curl (Machine),16,9860.0,48.1,74.4
2024-03-01,Pull Up,10,640.0,6.0,14.3
2024-03-01,Pullover (Machine),12,5234.0,31.4,49.8
2024-03-01,Reverse Fly (Machine),12,9545.0,49.5,82.3
2024-03-01,Romanian Deadlift (Barbell),12,10900.0,67.1,115.0
2024-03-01,Seated Calf Raise (Plate Loaded),16,7180.0,23.8,41.7
2024-03-01,Seated Leg Curl (Machine),6,5063.0,59.2,90.1
2024-03-01,Seated Leg Press (Machine),10,14918.0,91.3,157.2
2024-03-01,Seated Overhead Press (Dumbbell),7,2252.0,25.4,39.9
2024-03-01,Seated Row (Machine),13,11518.0,68.7,105.0
2024-03-01,Shrug (Dumbbell),10,4654.0,26.0,43.3
2024-03-01,Skullcrusher (Barbell),6,2419.0,27.8,43.3
2024-03-01,Split Squat Dumbbell,12,3324.0,18.3,30.7
2024-03-01,Squat (Barbell),12,8730.0,55.0,102.7
2024-03-01,Stiff Leg Deadlift (Dumbbell),20,7554.0,26.8,42.9
2024-03-01,Triceps Extension,6,2033.0,20.6,34.0
2024-04-01,Bench Press (Barbell),6,3675.0,64.2,106.7
2024-04-01,Bicep Curl (Cable),12,4511.0,25.3,40.3
2024-04-01,Bicep Curl (Machine),7,4321.0,50.4,84.0
2024-04-01,Chest Dip,3,820.0,20.0,29.3
2024-04-01,Chest Fly,13,11233.0,59.8,99.0
2024-04-01,Face Pull (Cable),6,2583.0,22.3,39.0
2024-04-01,Hip Abductor (Machine),4,5525.0,65.0,114.8
2024-04-01,Hip Adductor (Machine),4,8540.0,108.1,183.3
2024-04-01,Incline Bench Press (Dumbbell),15,5612.0,30.4,48.7
2024-04-01,Knee Raise (Captain's Chair),3,0.0,0.0,0.0
2024-04-01,Lat Pulldown (Cable),12,10385.0,76.7,129.5
2024-04-01,Lateral Raise (Dumbbell),3,312.0,6.0,9.6
2024-04-01,Lateral Raise (Machine),14,6548.0,29.3,53.7
2024-04-01,Leg Extension (Machine),13,18345.0,46.9,100.0
2024-04-01,Lying Leg Curl (Machine),7,4995.0,46.8,73.3
2024-04-01,Pull Up,10,600.0,6.5,19.0
2024-04-01,Pullover (Machine),7,3148.0,29.6,49.8
2024-04-01,Reverse Fly (Machine),6,4025.0,43.8,84.0
2024-04-01,Romanian Deadlift (Barbell),12,10445.0,65.0,115.0
2024-04-01,Seated Calf Raise (Plate Loaded),24,12330.0,26.3,51.0
2024-04-01,Seated Leg Curl (Machine),13,11288.0,55.2,94.0
2024-04-01,Seated Leg Press (Machine),17,23600.0,95.0,160.6
2024-04-01,Seated Overhead Press (Dumbbell),7,2210.0,26.0,39.9
2024-04-01,Seated Row (Cable),4,3370.0,67.5,100.3
2024-04-01,Seated Row (Machine),7,5823.0,64.6,106.3
2024-04-01,Shrug (Dumbbell),3,1560.0,26.0,44.2
2024-04-01,Skullcrusher (Barbell),3,1151.0,29.5,44.3
2024-04-01,Split Squat Dumbbell,6,1888.0,21.3,32.3
2024-04-01,Squat (Barbell),20,14700.0,55.8,107.5
2024-04-01,Stiff Leg Deadlift (Dumbbell),9,3146.0,26.2,40.1
2024-04-01,Triceps Extension,3,935.0,21.3,32.6
2024-04-01,Triceps Extension (Cable),3,979.0,22.9,34.0
2024-04-01,Triceps Pushdown (Cable - Straight Bar),3,1116.0,23.3,36.4
2024-05-01,Back Extension,3,500.0,10.0,16.3
2024-05-01,Bench Press (Barbell),5,3325.0,69.0,100.0
2024-05-01,Bent Over Row (Barbell),11,7710.0,56.8,91.0
2024-05-01,Bicep Curl (Barbell),16,6966.0,28.3,48.0
2024-05-01,Bicep Curl (Cable),7,2678.0,25.5,42.2
2024-05-01,Bicep Curl (Machine),6,4374.0,53.0,92.0
2024-05-01,Chest Fly,9,8190.0,65.0,99.7
2024-05-01,Crunch (Machine),12,12038.0,55.0,97.8
2024-05-01,Front Squat (Barbell),18,14610.0,58.6,95.3
2024-05-01,Hip Abductor (Machine),9,10725.0,65.0,110.5
2024-05-01,Hip Adductor (Machine),9,15868.0,96.7,165.8
2024-05-01,Incline Bench Press (Barbell),13,9608.0,62.3,98.0
2024-05-01,Incline Bench Press (Dumbbell),15,5704.0,32.1,48.7
2024-05-01,Incline Curl (Dumbbell),4,620.0,11.5,18.0
2024-05-01,Knee Raise (Captain's Chair),9,0.0,0.0,0.0
2024-05-01,Lat Pulldown (Cable),16,14740.0,78.1,126.0
2024-05-01,Lateral Raise (Dumbbell),17,1818.0,6.8,15.7
2024-05-01,Lateral Raise (Machine),8,3313.0,30.9,48.8
2024-05-01,Leg Extension (Machine),9,13050.0,48.3,100.0
2024-05-01,Lying Leg Curl (Machine),16,10773.0,49.7,76.7
2024-05-01,Pull Up,10,760.0,7.0,20.0
2024-05-01,Reverse Fly (Dumbbell),10,984.0,6.0,9.6
2024-05-01,Romanian Deadlift (Barbell),19,15395.0,66.6,107.3
2024-05-01,Seated Calf Raise (Plate Loaded),22,11485.0,26.6,52.0
2024-05-01,Seated Leg Curl (Machine),8,6060.0,61.3,93.2
2024-05-01,Seated Leg Press (Machine),12,15430.0,100.2,153.3
2024-05-01,Seated Overhead Press (Dumbbell),9,3330.0,25.8,41.6
2024-05-01,Seated Row (Cable),10,9580.0,75.0,120.0
2024-05-01,Seated Row (Machine),5,4810.0,77.5,114.7
2024-05-01,Shrug (Dumbbell),3,1120.0,20.0,32.7
2024-05-01,Skullcrusher (Barbell),12,5110.0,28.3,45.2
2024-05-01,Squat (Barbell),19,12645.0,59.2,101.5
2024-05-01,Stiff Leg Deadlift (Dumbbell),4,1430.0,26.0,39.9
2024-05-01,Strict Military Press (Barbell),4,1830.0,43.8,60.0
2024-05-01,Triceps Extension (Cable),3,990.0,23.8,35.8
2024-05-01,Triceps Pushdown (Cable - Straight Bar),7,3745.0,33.6,55.6
2024-06-01,Bent Over Row (Barbell),4,3220.0,57.5,90.0
2024-06-01,Bicep Curl (Barbell),4,1768.0,30.1,46.9
2024-06-01,Bicep Curl (Cable),4,1605.0,23.1,41.1
2024-06-01,Bicep Curl (Machine),16,11447.0,51.4,94.0
2024-06-01,Chest Fly,7,6040.0,68.2,104.0
2024-06-01,Crunch (Machine),12,13915.0,57.5,97.8
2024-06-01,Incline Bench Press (Barbell),10,6800.0,59.0,98.0
2024-06-01,Incline Bench Press (Dumbbell),16,5884.0,30.9,51.0
2024-06-01,Lat Pulldown (Cable),13,12050.0,78.5,132.0
2024-06-01,Lateral Raise (Dumbbell),16,2254.0,9.0,16.8
2024-06-01,Lateral Raise (Machine),4,1953.0,34.4,51.3
2024-06-01,Leg Extension (Machine),13,19500.0,50.0,100.0
2024-06-01,Lying Leg Curl (Machine),14,12313.0,52.9,88.0
2024-06-01,Pull Up,5,405.0,8.0,20.0
2024-06-01,Pullover (Machine),3,1075.0,24.6,38.5
2024-06-01,Reverse Fly (Dumbbell),4,432.0,6.0,10.0
2024-06-01,Romanian Deadlift (Barbell),4,3260.0,57.5,88.0
2024-06-01,Seated Calf Raise (Plate Loaded),15,9390.0,30.0,52.0
2024-06-01,Seated Leg Curl (Machine),4,3663.0,60.6,96.0
2024-06-01,Seated Leg Press (Machine),22,34832.0,96.0,167.4
2024-06-01,Seated Overhead Press (Dumbbell),9,3120.0,25.8,39.9
2024-06-01,Seated Row (Machine),4,4450.0,76.9,120.0
2024-06-01,Skullcrusher (Barbell),3,1184.0,32.0,46.9
2024-06-01,Squat (Barbell),5,3700.0,62.0,98.0
2024-06-01,Standing Leg Curl,3,1170.0,26.7,44.0
2024-06-01,Triceps Extension (Cable),3,1135.0,22.9,36.4
2024-06-01,Triceps Extension (Machine),6,10115.0,101.3,164.0
2024-06-01,Triceps Pushdown (Cable - Straight Bar),3,1765.0,35.4,58.0
2024-07-01,Bent Over Row (Barbell),5,4815.0,61.0,99.7
2024-07-01,Bicep Curl (Cable),28,4841.0,12.0,31.2
2024-07-01,Cable Crossover,9,1615.0,11.8,21.0
2024-07-01,Chest Dip,8,1355.0,12.5,31.7
2024-07-01,Chest Fly,6,5795.0,68.8,111.2
2024-07-01,Crunch (Machine),4,4658.0,57.5,97.8
2024-07-01,Face Pull (Cable),9,3889.0,23.8,41.1
2024-07-01,Hack Squat,32,9005.0,26.7,52.0
2024-07-01,Hip Adductor (Machine),15,30333.0,102.8,183.3
2024-07-01,Incline Bench Press (Barbell),4,2600.0,62.5,93.3
2024-07-01,Incline Bench Press (Dumbbell),10,3244.0,30.0,47.6
2024-07-01,Iso-Lateral Row (Machine),4,2135.0,38.8,62.3
2024-07-01,Lat Pulldown (Cable),8,7460.0,78.8,117.3
2024-07-01,Lateral Raise (Cable),11,993.0,7.2,11.0
2024-07-01,Lateral Raise (Dumbbell),16,2398.0,8.9,16.7
2024-07-01,Leg Extension (Machine),15,25200.0,56.0,115.0
2024-07-01,Lying Leg Curl (Machine),16,12160.0,52.5,84.3
2024-07-01,Overhead Press (Dumbbell),4,1494.0,25.5,41.1
2024-07-01,Pull Up,6,470.0,8.3,19.5
2024-07-01,Pullover (Machine),8,2770.0,23.3,38.3
2024-07-01,Reverse Fly (Dumbbell),4,396.0,6.0,9.6
2024-07-01,Romanian Deadlift (Barbell),19,15470.0,66.3,106.7
2024-07-01,Seated Calf Raise (Plate Loaded),14,9390.0,35.0,66.7
2024-07-01,Seated Leg Curl (Machine),4,3335.0,57.5,88.2
2024-07-01,Seated Leg Press (Machine),13,19520.0,96.2,168.7
2024-07-01,Seated Overhead Press (Dumbbell),14,4602.0,26.7,40.1
2024-07-01,Seated Row (Machine),9,10475.0,76.9,126.5
2024-07-01,Standing Calf Raise (Machine),8,12800.0,80.0,133.3
2024-07-01,T Bar Row,6,2580.0,31.7,60.0
2024-07-01,Triceps Extension,6,2153.0,21.3,35.4
2024-07-01,Triceps Extension (Cable),6,2195.0,21.7,37.2
2024-07-01,Triceps Pushdown (Cable - Straight Bar),9,4324.0,32.6,51.8
2024-08-01,Bicep Curl (Cable),3,404.0,9.6,15.4
2024-08-01,Bicep Curl (Dumbbell),11,1734.0,14.0,21.3
2024-08-01,Bicep Curl (Machine),4,2712.0,50.0,81.3
2024-08-01,Cable Crossover,4,543.0,10.9,15.8
2024-08-01,Crunch (Machine),8,8900.0,63.1,106.3
2024-08-01,Face Pull (Cable),3,1126.0,23.8,40.0
2024-08-01,Hack Squat,26,6730.0,23.5,46.7
2024-08-01,Hip Adductor (Machine),9,20530.0,116.7,207.6
2024-08-01,Incline Bench Press (Dumbbell),19,6654.0,30.5,49.9
2024-08-01,Incline Chest Press (Machine),7,3445.0,40.7,73.3
2024-08-01,Iso-Lateral Row (Machine),4,2150.0,39.4,59.5
2024-08-01,Lat Pulldown (Cable),3,2640.0,80.0,114.7
2024-08-01,Lateral Raise (Dumbbell),7,728.0,8.0,11.7
2024-08-01,Leg Extension (Machine),9,17290.0,65.0,130.0
2024-08-01,Lying Leg Curl (Machine),4,2825.0,53.8,80.7
2024-08-01,Pull Up,4,0.0,0.0,0.0
2024-08-01,Pullover (Machine),5,2378.0,31.8,49.8
2024-08-01,Romanian Deadlift (Barbell),5,4660.0,72.0,114.7
2024-08-01,Seated Calf Raise (Plate Loaded),4,2830.0,36.3,64.0
2024-08-01,Seated Leg Curl (Machine),12,10610.0,62.5,100.0
2024-08-01,Seated Overhead Press (Dumbbell),3,1092.0,26.0,39.9
2024-08-01,Standing Calf Raise (Machine),8,12720.0,80.0,133.3
2024-08-01,T Bar Row,9,4315.0,35.6,63.0
2024-08-01,Triceps Extension,3,1045.0,22.9,34.8
2024-08-01,Triceps Extension (Cable),6,1710.0,18.3,31.2
2024-08-01,Triceps Pushdown (Cable - Straight Bar),7,3671.0,35.2,58.0
2024-08-01,Upright Row (Barbell),7,2799.0,28.8,44.8
2024-09-01,Bench Press (Barbell),4,2740.0,65.0,98.0
2024-09-01,Bicep Curl (Barbell),3,1145.0,28.7,43.3
2024-09-01,Bicep Curl (Cable),3,421.0,10.4,16.1
2024-09-01,Bicep Curl (Dumbbell),3,490.0,13.3,19.6
2024-09-01,Cable Crossover,4,702.0,11.5,18.0
2024-09-01,Chest Dip,3,660.0,15.0,22.5
2024-09-01,Chest Fly,3,2480.0,62.5,91.0
2024-09-01,Chest Press (Machine),8,5618.0,54.4,86.0
2024-09-01,Face Pull (Cable),3,1064.0,22.9,37.6
2024-09-01,Hack Squat,7,2430.0,26.4,49.0
2024-09-01,Incline Bench Press (Dumbbell),6,1708.0,30.3,46.5
2024-09-01,Lat Pulldown (Cable),3,2730.0,76.7,109.3
2024-09-01,Lateral Raise (Cable),3,287.0,7.2,10.8
2024-09-01,Lateral Raise (Dumbbell),12,1336.0,10.0,16.8
2024-09-01,Leg Extension (Machine),3,5850.0,65.0,130.0
2024-09-01,Overhead Press (Dumbbell),12,3620.0,25.0,40.1
2024-09-01,Pull Up,5,350.0,6.0,14.3
2024-09-01,Romanian Deadlift (Barbell),4,3740.0,65.0,105.0
2024-09-01,Standing Calf Raise (Machine),4,5683.0,73.8,136.0
2024-09-01,T Bar Row,5,1890.0,31.0,53.3
2024-09-01,Triceps Extension,3,1021.0,22.9,34.8
2024-09-01,Triceps Extension (Cable),3,875.0,20.0,31.2
2024-09-01,Triceps Pushdown (Cable - Straight Bar),12,6110.0,34.1,55.6
2024-09-01,Upright Row (Barbell),4,1502.0,28.9,43.3
2024-10-01,Bicep Curl (Machine),3,1692.0,47.0,67.4
2024-10-01,Cable Crossover,3,518.0,10.4,18.0
2024-10-01,Chest Dip,4,520.0,10.0,22.0
2024-10-01,Hack Squat,8,2225.0,23.1,51.3
2024-10-01,Hammer Curl (Dumbbell),3,360.0,12.0,16.0
2024-10-01,Incline Bench Press (Dumbbell),10,3030.0,29.2,46.5
2024-10-01,Iso-Lateral Row (Machine),3,1200.0,33.3,49.0
2024-10-01,Lat Pulldown (Cable),3,2730.0,76.7,109.3
2024-10-01,Lateral Raise (Dumbbell),3,376.0,8.0,12.3
2024-10-01,Lying Leg Curl (Machine),6,4300.0,50.0,76.7
2024-10-01,Reverse Fly (Machine),3,1980.0,45.0,69.0
2024-10-01,Triceps Pushdown (Cable - Straight Bar),3,1495.0,32.5,52.0
2024-11-01,Back Extension,3,490.0,10.0,16.0
2024-11-01,Bench Press (Barbell),6,4085.0,63.3,106.7
2024-11-01,Bicep Curl (Barbell),9,2987.0,26.2,42.3
2024-11-01,Bicep Curl (Cable),4,535.0,10.0,16.5
2024-11-01,Bicep Curl (Machine),3,1295.0,40.0,60.9
2024-11-01,Cable Crossover,8,1230.0,12.5,19.5
2024-11-01,Cable Crunch,10,5445.0,30.0,52.1
2024-11-01,Chest Fly,8,6660.0,60.6,93.2
2024-11-01,Chest Press (Machine),3,1720.0,56.7,78.0
2024-11-01,Crunch (Machine),4,4440.0,62.5,108.3
2024-11-01,Face Pull (Cable),3,1143.0,22.9,38.0
2024-11-01,Hack Squat,25,7150.0,27.0,54.7
2024-11-01,Hammer Curl (Dumbbell),9,1236.0,11.3,17.2
2024-11-01,Hip Adductor (Machine),3,5725.0,122.5,195.8
2024-11-01,Incline Bench Press (Dumbbell),12,3542.0,29.2,45.9
2024-11-01,Lateral Raise (Cable),4,365.0,6.4,9.8
2024-11-01,Lateral Raise (Dumbbell),12,1712.0,8.0,13.3
2024-11-01,Lying Leg Curl (Machine),14,10110.0,53.2,82.5
2024-11-01,Pull Up,12,620.0,5.0,14.0
2024-11-01,Pullover (Machine),12,4038.0,24.4,39.4
2024-11-01,Reverse Fly (Machine),3,2228.0,50.0,77.0
2024-11-01,Seated Leg Press (Machine),12,15180.0,94.8,157.2
2024-11-01,Seated Overhead Press (Dumbbell),12,2920.0,23.0,39.2
2024-11-01,Seated Row (Machine),4,3655.0,78.1,112.0
2024-11-01,Shoulder Press (Machine),14,6235.0,40.0,64.5
2024-11-01,Split Squat Dumbbell,12,3024.0,16.5,27.6
2024-11-01,Standing Calf Raise (Machine),14,18788.0,73.6,133.3
2024-11-01,T Bar Row,8,3690.0,35.0,54.7
2024-11-01,Triceps Extension,3,403.0,8.8,13.4
2024-11-01,Triceps Extension (Cable),12,3353.0,18.4,34.0
2024-11-01,Triceps Extension (Dumbbell),4,1404.0,25.9,44.4
2024-11-01,Triceps Pushdown (Cable - Straight Bar),9,4330.0,32.9,53.1
2024-11-01,Upright Row (Barbell),4,1562.0,26.1,42.2
2024-11-01,Upright Row (Cable),3,1130.0,24.6,39.4
2024-12-01,Bicep Curl (Cable),11,1675.0,10.7,17.3
2024-12-01,Cable Crossover,8,886.0,8.9,13.4
2024-12-01,Chest Press (Machine),3,1490.0,53.3,71.5
2024-12-01,Face Pull (Cable),3,1164.0,23.8,38.0
2024-12-01,Hack Squat,12,3235.0,29.6,52.0
2024-12-01,Hammer Curl (Dumbbell),3,432.0,12.0,16.8
2024-12-01,Hip Adductor (Machine),3,5300.0,115.0,180.2
2024-12-01,Incline Bench Press (Dumbbell),11,3274.0,28.7,45.3
2024-12-01,Lat Pulldown (Machine),3,1836.0,68.0,100.1
2024-12-01,Lateral Raise (Dumbbell),8,1128.0,8.0,12.8
2024-12-01,Leg Extension (Machine),3,3420.0,72.5,116.0
2024-12-01,Lying Leg Curl (Machine),3,1390.0,53.3,71.5
2024-12-01,Preacher Curl (Dumbbell),4,494.0,11.0,17.2
2024-12-01,Pull Up,11,760.0,7.3,19.5
2024-12-01,Pullover (Machine),10,3775.0,28.3,43.1
2024-12-01,Seated Calf Raise (Plate Loaded),4,2285.0,33.8,54.8
2024-12-01,Seated Leg Curl (Machine),10,7633.0,61.5,99.7
2024-12-01,Seated Leg Press (Machine),3,3225.0,107.5,146.7
2024-12-01,Seated Row (Machine),8,7113.0,75.3,116.0
2024-12-01,Shoulder Press (Machine),8,2455.0,37.8,56.7
2024-12-01,Shrug (Dumbbell),7,2704.0,22.9,40.0
2024-12-01,T Bar Row,4,1910.0,41.3,61.5
2024-12-01,Triceps Extension (Cable),3,784.0,26.3,36.7
2024-12-01,Triceps Pushdown (Cable - Straight Bar),8,3400.0,30.7,50.9
2025-01-01,Bicep Curl (Cable),14,2558.0,14.4,26.9
2025-01-01,Bicep Curl (Machine),3,825.0,27.5,37.6
2025-01-01,Cable Crossover,3,338.0,8.9,13.4
2025-01-01,Chest Dip,10,0.0,0.0,0.0
2025-01-01,Chest Fly,3,1390.0,60.0,84.5
2025-01-01,Chest Press (Machine),4,1750.0,50.0,68.3
2025-01-01,Hack Squat,7,2580.0,33.6,63.0
2025-01-01,Hip Thrust (Barbell),2,1080.0,45.0,63.0
2025-01-01,Iso-Lateral Row (Machine),4,2683.0,72.5,96.7
2025-01-01,Knee Raise (Captain's Chair),3,0.0,0.0,0.0
2025-01-01,Lat Pulldown (Cable),4,2371.0,70.3,95.7
2025-01-01,Lateral Raise (Machine),8,2080.0,20.9,34.8
2025-01-01,Leg Extension (Machine),4,4135.0,70.6,111.2
2025-01-01,Lying Leg Curl (Machine),8,2890.0,44.4,65.0
2025-01-01,Pull Up,7,0.0,0.0,0.0
2025-01-01,Seated Leg Press (Machine),11,11475.0,100.0,150.3
2025-01-01,Shoulder Press (Machine),7,1683.0,27.5,38.5
2025-01-01,Triceps Extension (Cable),14,3602.0,18.4,33.0
2025-01-01,Triceps Pushdown (Cable - Straight Bar),4,1610.0,28.8,44.1
2025-02-01,Bicep Curl (Cable),14,2603.0,14.6,31.2
2025-02-01,Cable Crossover,12,1450.0,9.6,17.3
2025-02-01,Chest Fly,8,4540.0,56.6,86.7
2025-02-01,Hack Squat,18,6940.0,36.7,82.0
2025-02-01,Incline Bench Press (Dumbbell),30,8154.0,27.6,43.7
2025-02-01,Lat Pulldown (Cable),7,5154.0,67.3,95.7
2025-02-01,Lateral Raise (Dumbbell),15,1534.0,7.6,12.0
2025-02-01,Lateral Raise (Machine),4,840.0,20.0,28.0
2025-02-01,Leg Extension (Machine),8,8790.0,69.7,120.0
2025-02-01,Lying Leg Curl (Machine),9,4400.0,49.2,78.6
2025-02-01,Pullover (Machine),8,2991.0,28.8,44.1
2025-02-01,Romanian Deadlift (Barbell),4,2800.0,55.0,92.0
2025-02-01,Seated Calf Raise (Plate Loaded),12,6065.0,26.7,47.7
2025-02-01,Seated Leg Curl (Machine),5,3555.0,54.5,86.3
2025-02-01,Seated Leg Press (Machine),8,8748.0,98.8,143.5
2025-02-01,Seated Overhead Press (Dumbbell),7,1514.0,21.4,31.5
2025-02-01,Seated Row (Machine),8,6133.0,74.4,109.3
2025-02-01,Shoulder Press (Machine),4,963.0,27.5,36.7
2025-02-01,Standing Calf Raise (Machine),4,4568.0,72.5,111.2
2025-02-01,T Bar Row,10,4645.0,40.0,60.0
2025-02-01,Triceps Extension (Cable),16,4378.0,19.3,32.6
2025-02-01,Upright Row (Barbell),7,1780.0,20.0,30.7
2025-03-01,Bench Press (Barbell),6,3725.0,60.0,98.0
2025-03-01,Bent Over One Arm Row (Dumbbell),8,2878.0,27.5,41.1
2025-03-01,Bicep Curl (Cable),27,4745.0,13.6,30.8
2025-03-01,Cable Crossover,21,2945.0,10.7,19.2
2025-03-01,Chest Dip,4,528.0,9.0,18.4
2025-03-01,Chest Fly,8,5463.0,57.5,86.3
2025-03-01,Face Pull (Cable),13,4807.0,23.8,39.2
2025-03-01,Hack Squat,25,11020.0,37.6,91.0
2025-03-01,Hammer Curl (Dumbbell),4,524.0,12.5,18.7
2025-03-01,Hip Abductor (Machine),7,7260.0,69.3,115.0
2025-03-01,Hip Adductor (Machine),7,11670.0,114.3,195.8
2025-03-01,Incline Bench Press (Dumbbell),26,7671.0,28.7,45.9
2025-03-01,Incline Curl (Dumbbell),4,514.0,11.0,16.8
2025-03-01,Lat Pulldown (Cable),27,22249.0,75.8,117.3
2025-03-01,Lateral Raise (Dumbbell),12,1472.0,8.0,12.8
2025-03-01,Lateral Raise (Machine),11,3140.0,22.0,42.2
2025-03-01,Leg Extension (Machine),16,16290.0,70.9,122.7
2025-03-01,Leg Press,10,14955.0,107.5,225.0
2025-03-01,Lying Leg Curl (Machine),8,4503.0,52.5,80.0
2025-03-01,Pullover (Machine),10,3827.0,27.2,46.0
2025-03-01,Reverse Cable Curl,3,280.0,8.8,12.3
2025-03-01,Romanian Deadlift (Barbell),14,11010.0,67.9,114.7
2025-03-01,Seated Leg Curl (Machine),12,8588.0,62.5,95.3
2025-03-01,Seated Leg Press (Machine),6,7193.0,102.9,156.7
2025-03-01,Seated Overhead Press (Dumbbell),14,3784.0,23.9,36.4
2025-03-01,Seated Row (Cable),5,3453.0,59.0,87.1
2025-03-01,Seated Row (Machine),12,10728.0,77.1,117.0
2025-03-01,Shoulder Press (Machine),4,1220.0,33.8,46.7
2025-03-01,Shrug (Dumbbell),7,2818.0,25.1,41.6
2025-03-01,Single Leg Press,3,2060.0,63.3,100.3
2025-03-01,T Bar Row,8,4025.0,42.2,63.3
2025-03-01,Triceps Extension (Cable),20,7070.0,23.4,39.4
2025-03-01,Triceps Pushdown (Cable - Straight Bar),4,1754.0,34.1,53.7
2025-03-01,Upright Row (Barbell),3,925.0,23.3,35.8
2025-03-01,Upright Row (Cable),11,3500.0,25.9,40.1
2025-04-01,Bent Over One Arm Row (Dumbbell),12,4522.0,28.7,43.0
2025-04-01,Bicep Curl (Cable),16,2726.0,11.8,18.8
2025-04-01,Cable Crossover,16,2988.0,12.7,21.1
2025-04-01,Chest Dip,29,5800.0,16.0,35.0
2025-04-01,Face Pull (Cable),3,1078.0,24.5,37.6
2025-04-01,Hack Squat,22,12825.0,56.6,107.5
2025-04-01,Hammer Curl (Dumbbell),12,1906.0,13.8,21.0
2025-04-01,Hip Abductor (Machine),6,6795.0,76.7,126.0
2025-04-01,Hip Adductor (Machine),6,9590.0,108.8,168.7
2025-04-01,Incline Bench Press (Dumbbell),24,7386.0,29.5,48.7
2025-04-01,Incline Curl (Dumbbell),13,1806.0,11.7,17.6
2025-04-01,Lat Pulldown (Cable),3,2710.0,76.7,109.7
2025-04-01,Lateral Raise (Dumbbell),32,4108.0,8.1,15.0
2025-04-01,Leg Extension (Machine),8,9223.0,72.2,115.0
2025-04-01,Leg Press,4,6330.0,111.3,172.5
2025-04-01,Pull Up,4,310.0,7.5,14.3
2025-04-01,Pullover (Machine),10,3832.0,25.4,42.9
2025-04-01,Reverse Cable Curl,16,3334.0,14.1,23.0
2025-04-01,Romanian Deadlift (Barbell),9,7620.0,65.6,109.3
2025-04-01,Seated Leg Curl (Machine),8,5280.0,59.4,82.0
2025-04-01,Seated Overhead Press (Dumbbell),16,5064.0,26.3,39.2
2025-04-01,Seated Row (Machine),3,2880.0,80.0,112.0
2025-04-01,Triceps Extension (Cable),15,5031.0,23.1,38.3
2025-04-01,Triceps Pushdown (Cable - Straight Bar),12,6457.0,33.8,58.0
2025-04-01,Upright Row (Cable),16,6105.0,28.1,43.1
2025-05-01,Bent Over One Arm Row (Dumbbell),20,7718.0,32.6,48.7
2025-05-01,Bicep Curl (Cable),16,3113.0,14.1,31.9
2025-05-01,Bulgarian Split Squat,12,2432.0,15.5,23.5
2025-05-01,Cable Crossover,8,1693.0,13.5,22.2
2025-05-01,Chest Dip,12,3610.0,23.3,37.5
2025-05-01,Face Pull (Cable),6,2131.0,21.5,36.4
2025-05-01,Hack Squat,20,7410.0,35.5,80.0
2025-05-01,Hammer Curl (Dumbbell),7,1184.0,14.6,21.3
2025-05-01,Incline Bench Press (Dumbbell),12,4434.0,29.3,49.9
2025-05-01,Incline Curl (Dumbbell),3,504.0,12.4,18.8
2025-05-01,Lat Pulldown (Cable),4,3390.0,82.5,129.0
2025-05-01,Lateral Raise (Dumbbell),16,2074.0,8.4,15.3
2025-05-01,Leg Extension (Machine),19,23690.0,81.2,134.2
2025-05-01,Lying Leg Curl (Machine),3,1480.0,53.3,70.0
2025-05-01,Pull Up,19,1815.0,9.5,21.5
2025-05-01,Pullover (Machine),19,6693.0,25.5,40.3
2025-05-01,Reverse Cable Curl,4,850.0,12.5,20.0
2025-05-01,Romanian Deadlift (Barbell),8,5610.0,55.0,112.0
2025-05-01,Seated Leg Curl (Machine),12,9975.0,63.8,97.5
2025-05-01,Seated Leg Press (Machine),5,5673.0,99.5,152.8
2025-05-01,Seated Overhead Press (Dumbbell),11,3684.0,27.3,41.1
2025-05-01,Seated Row (Machine),4,3520.0,80.0,112.0
2025-05-01,Shrug (Dumbbell),4,1794.0,26.0,41.6
2025-05-01,Standing Calf Raise (Machine),4,5073.0,68.8,116.0
2025-05-01,Standing Leg Curl,3,1275.0,28.3,45.0
2025-05-01,Triceps Extension (Cable),7,2026.0,21.6,34.0
2025-05-01,Triceps Pushdown (Cable - Straight Bar),6,3045.0,34.8,54.4
2025-05-01,Upright Row (Cable),4,1524.0,28.8,43.1
2025-06-01,Bent Over One Arm Row (Dumbbell),15,6392.0,34.0,49.9
2025-06-01,Bicep Curl (Cable),20,3631.0,13.3,31.9
2025-06-01,Bulgarian Split Squat,20,4852.0,18.5,29.3
2025-06-01,Cable Crossover,24,4994.0,13.7,23.0
2025-06-01,Chest Dip,19,3825.0,17.6,44.3
2025-06-01,Face Pull (Cable),14,4740.0,20.0,34.4
2025-06-01,Hack Squat,22,10125.0,43.2,106.7
2025-06-01,Hammer Curl (Dumbbell),6,928.0,15.3,21.3
2025-06-01,Incline Bench Press (Dumbbell),11,4006.0,29.3,48.7
2025-06-01,Incline Curl (Dumbbell),4,612.0,12.0,17.6
2025-06-01,Lateral Raise (Dumbbell),24,3310.0,8.3,15.7
2025-06-01,Leg Extension (Machine),19,23358.0,87.0,136.2
2025-06-01,Lying Leg Curl (Machine),4,2915.0,55.0,82.5
2025-06-01,Pull Up,20,2020.0,9.3,25.3
2025-06-01,Pullover (Machine),15,5298.0,26.8,45.5
2025-06-01,Reverse Cable Curl,8,1814.0,15.3,24.9
2025-06-01,Romanian Deadlift (Barbell),13,12250.0,73.1,120.0
2025-06-01,Seated Leg Curl (Machine),10,7625.0,63.5,95.3
2025-06-01,Seated Overhead Press (Dumbbell),19,6012.0,26.8,42.0
2025-06-01,Shrug (Dumbbell),16,7596.0,26.9,45.7
2025-06-01,Standing Leg Curl,6,2315.0,30.8,49.0
2025-06-01,Triceps Extension (Cable),15,4776.0,21.5,34.7
2025-06-01,Triceps Extensions Stange,4,1338.0,21.9,34.8
2025-06-01,Triceps Pushdown (Cable - Straight Bar),3,1636.0,35.0,55.6
2025-06-01,Upright Row (Cable),4,1493.0,27.8,41.2
2025-07-01,Bench Press (Barbell),10,7170.0,72.0,106.7
2025-07-01,Bent Over One Arm Row (Dumbbell),12,4834.0,33.3,48.7
2025-07-01,Bicep Curl (Cable),16,2559.0,11.9,18.4
2025-07-01,Bulgarien Split SMITH,8,2060.0,25.0,41.0
2025-07-01,Cable Crossover,17,3431.0,13.9,23.0
2025-07-01,Chest Dip,4,1250.0,23.8,36.7
2025-07-01,Face Pull (Cable),19,6572.0,23.4,39.2
2025-07-01,Hack Squat,10,3675.0,39.0,63.3
2025-07-01,Hammer Curl (Dumbbell),7,1120.0,14.0,20.5
2025-07-01,Incline Bench Press (Dumbbell),10,3120.0,30.0,48.0
2025-07-01,Incline Curl (Dumbbell),4,628.0,13.0,19.1
2025-07-01,Lat Pulldown (Cable),10,9140.0,81.0,123.0
2025-07-01,Lateral Raise (Cable),4,367.0,7.3,11.1
2025-07-01,Lateral Raise (Dumbbell),16,1996.0,8.0,15.7
2025-07-01,Leg Extension (Machine),7,8700.0,85.4,131.3
2025-07-01,Pull Up,10,830.0,9.5,20.5
2025-07-01,Pullover (Machine),12,3998.0,25.3,41.2
2025-07-01,Reverse Cable Curl,8,1996.0,15.9,25.5
2025-07-01,Reverse Fly (Machine),3,2228.0,50.0,77.0
2025-07-01,Romanian Deadlift (Barbell),10,8910.0,75.0,126.0
2025-07-01,Seated Calf Raise (Plate Loaded),8,3670.0,28.8,57.3
2025-07-01,Seated Overhead Press (Dumbbell),9,2594.0,26.0,40.1
2025-07-01,Seated Row (Cable),4,2770.0,67.5,102.7
2025-07-01,Shrug (Dumbbell),16,7972.0,28.0,49.9
2025-07-01,Skullcrusher (Barbell),4,1070.0,22.5,35.0
2025-07-01,Standing Leg Curl,6,2520.0,30.0,44.0
2025-07-01,Triceps Extension (Cable),4,1238.0,18.8,29.4
2025-07-01,Triceps Extensions Stange,11,4269.0,26.1,41.2
2025-07-01,Upright Row (Cable),8,3154.0,29.1,44.1
2025-08-01,Bent Over One Arm Row (Dumbbell),4,1530.0,34.0,47.6
2025-08-01,Bicep Curl (Cable),8,1114.0,11.5,17.5
2025-08-01,Bulgarien Split SMITH,4,1110.0,27.5,40.0
2025-08-01,Cable Crossover,4,600.0,12.8,19.2
2025-08-01,Face Pull (Cable),4,1169.0,21.3,32.6
2025-08-01,Hack Squat,4,1460.0,35.0,56.0
2025-08-01,Hip Abductor (Machine),2,2475.0,68.8,116.0
2025-08-01,Hip Adductor (Machine),2,3960.0,110.0,188.0
2025-08-01,Incline Bench Press (Dumbbell),10,3068.0,29.8,46.5
2025-08-01,Incline Curl (Dumbbell),4,612.0,12.0,18.4
2025-08-01,Lat Pulldown (Cable),5,4600.0,82.0,126.7
2025-08-01,Lateral Raise (Dumbbell),8,868.0,8.8,14.7
2025-08-01,Overhead Press (Smith Machine),4,1660.0,30.0,52.5
2025-08-01,Pull Up,5,555.0,11.0,20.0
2025-08-01,Pullover (Machine),7,2334.0,23.0,36.4
2025-08-01,Romanian Deadlift (Barbell),5,4510.0,72.0,112.0
2025-08-01,Seated Calf Raise (Plate Loaded),4,1980.0,30.0,49.0
2025-08-01,Seated Overhead Press (Dumbbell),3,806.0,26.0,35.5
2025-08-01,Shrug (Dumbbell),8,3836.0,28.0,44.8
2025-08-01,T Bar Row,3,1280.0,36.7,56.0
2025-08-01,Triceps Extension (Cable),7,2381.0,25.2,39.3
2025-08-01,Upright Row (Cable),3,1025.0,25.0,36.7
2025-09-01,Back Extension,3,490.0,10.0,16.0
2025-09-01,Bicep Curl (Cable),4,596.0,11.3,16.5
2025-09-01,Bulgarien Split SMITH,3,620.0,20.0,28.0
2025-09-01,Chest Dip,3,0.0,0.0,0.0
2025-09-01,Hammer Curl (Dumbbell),3,452.0,13.3,19.1
2025-09-01,Lateral Raise (Cable),8,708.0,7.2,11.1
2025-09-01,Overhead Press (Smith Machine),3,1200.0,33.3,52.0
2025-09-01,Pull Up,7,758.0,10.3,19.1
2025-09-01,Reverse Fly (Machine),4,1815.0,41.3,61.5
2025-09-01,Romanian Deadlift (Barbell),4,2770.0,70.0,101.3
2025-09-01,Seated Row (Cable),3,2280.0,60.0,86.0
2025-09-01,Shoulder Press (Machine),4,1600.0,40.0,53.3
2025-09-01,Triceps Extension (Cable),4,1453.0,25.0,39.3
2025-09-01,Triceps Extensions Stange,4,1693.0,27.5,44.1
2025-09-01,Triceps Pushdown (Cable - Straight Bar),3,1636.0,35.0,55.6
2025-10-01,Bent Over One Arm Row (Dumbbell),3,1204.0,29.3,44.0
2025-10-01,Bicep Curl (Cable),8,1181.0,11.3,17.6
2025-10-01,Bulgarien Split SMITH,10,2650.0,23.0,41.0
2025-10-01,Cable Crossover,4,813.0,13.4,21.4
2025-10-01,Chest Fly,4,3250.0,65.0,93.2
2025-10-01,Hack Squat,8,2725.0,36.3,60.0
2025-10-01,Hammer Curl (Dumbbell),3,456.0,12.7,19.6
2025-10-01,Hip Abductor (Machine),2,2475.0,68.8,116.0
2025-10-01,Hip Adductor (Machine),2,3780.0,105.0,172.0
2025-10-01,Incline Bench Press (Dumbbell),5,1672.0,28.8,44.8
2025-10-01,Incline Bench Press (Smith Machine),8,5080.0,57.5,106.7
2025-10-01,Incline Curl (Dumbbell),12,1614.0,11.8,17.6
2025-10-01,Lateral Raise (Cable),4,393.0,7.1,11.3
2025-10-01,Lateral Raise (Dumbbell),16,2208.0,8.0,13.6
2025-10-01,Overhead Press (Smith Machine),19,8190.0,40.0,68.3
2025-10-01,Pull Up,10,828.0,7.6,20.0
2025-10-01,Reverse Fly (Machine),13,10123.0,48.7,82.3
2025-10-01,Romanian Deadlift (Barbell),15,11240.0,75.3,114.0
2025-10-01,Seated Leg Curl (Machine),3,2070.0,57.5,82.4
2025-10-01,Seated Row (Machine),3,2778.0,80.0,116.7
2025-10-01,Shrug (Dumbbell),16,8052.0,27.5,47.6
2025-10-01,Triceps Extensions Stange,18,7868.0,28.1,46.0
2025-12-01,Bent Over One Arm Row (Dumbbell),3,1008.0,28.0,41.1
2025-12-01,Bicep Curl (Cable),3,390.0,9.5,13.9
2025-12-01,Bulgarien Split SMITH,3,340.0,13.3,26.0
2025-12-01,Cable Crossover,3,300.0,8.5,12.3
2025-12-01,Chest Dip,4,525.0,11.3,22.5
2025-12-01,Chest Fly,3,1800.0,45.0,67.5
2025-12-01,Hack Squat,8,3605.0,34.4,86.0
2025-12-01,Hip Abductor (Machine),2,2070.0,57.5,96.0
2025-12-01,Hip Adductor (Machine),2,2430.0,90.0,144.0
2025-12-01,Hip Thrust (Barbell),6,3120.0,41.7,67.5
2025-12-01,Incline Bench Press (Barbell),3,1840.0,63.3,93.3
2025-12-01,Incline Bench Press (Dumbbell),10,3152.0,27.8,44.8
2025-12-01,Incline Curl (Dumbbell),7,904.0,11.1,16.8
2025-12-01,Lat Pulldown (Cable),10,9299.0,77.1,116.9
2025-12-01,Lateral Raise (Dumbbell),19,2536.0,8.0,12.8
2025-12-01,Leg Extension (Machine),4,4033.0,68.1,108.8
2025-12-01,Overhead Press (Smith Machine),12,4220.0,32.5,53.3
2025-12-01,Pull Up,4,310.0,10.0,19.0
2025-12-01,Romanian Deadlift (Barbell),8,5130.0,43.8,105.0
2025-12-01,Seated Row (Cable),4,3060.0,60.0,86.0
2025-12-01,Seated Row (Machine),7,6315.0,78.6,114.7
2025-12-01,Shrug (Dumbbell),15,7840.0,28.4,50.0
2025-12-01,Skullcrusher (Barbell),3,760.0,20.0,30.7
2025-12-01,Standing Calf Raise (Machine),16,23400.0,86.3,152.0
2025-12-01,Triceps Extension (Cable),7,1693.0,20.5,32.9
2026-01-01,Bent Over One Arm Row (Dumbbell),4,1344.0,28.0,39.2
2026-01-01,Bulgarien Split SMITH,8,1410.0,15.6,39.0
2026-01-01,Cable Crossover,8,744.0,9.2,13.0
2026-01-01,Chest Dip,6,801.0,11.0,28.7
2026-01-01,Chest Fly,3,1845.0,45.0,67.5
2026-01-01,Face Pull (Cable),3,871.0,21.3,32.6
2026-01-01,Hack Squat,12,4970.0,36.3,78.8
2026-01-01,Hammer Curl (Dumbbell),3,360.0,12.0,16.0
2026-01-01,Incline Bench Press (Dumbbell),20,6592.0,30.1,47.6
2026-01-01,Incline Curl (Dumbbell),15,1850.0,12.0,17.7
2026-01-01,Lat Pulldown (Cable),5,3908.0,68.3,109.3
2026-01-01,Lateral Raise (Dumbbell),12,1576.0,7.8,13.1
2026-01-01,Lying Leg Curl (Machine),3,1415.0,45.0,63.3
2026-01-01,Overhead Press (Dumbbell),4,926.0,23.0,35.5
2026-01-01,Overhead Press (Smith Machine),12,3510.0,29.2,52.0
2026-01-01,Pull Up,4,388.0,13.5,24.0
2026-01-01,Pullover (Machine),3,870.0,23.5,33.7
2026-01-01,Reverse Fly (Machine),4,2765.0,48.1,76.7
2026-01-01,Romanian Deadlift (Barbell),8,4740.0,43.8,75.0
2026-01-01,Seated Leg Curl (Machine),3,2333.0,60.0,91.0
2026-01-01,Seated Row (Machine),7,5825.0,80.0,110.0
2026-01-01,Skullcrusher (Barbell),3,897.0,22.0,38.7
2026-01-01,Standing Calf Raise (Machine),8,11565.0,92.5,152.0
2026-01-01,Triceps Extension (Cable),8,2202.0,22.4,32.9
2026-01-01,Triceps Pushdown (Cable - Straight Bar),4,2010.0,35.3,55.6
2026-01-01,Upright Row (Cable),4,1150.0,25.0,36.7
2026-02-01,Bicep Curl (Cable),8,986.0,11.0,15.8
2026-02-01,Bulgarian Split Squat,4,802.0,19.0,29.3
2026-02-01,Bulgarien Split SMITH,4,870.0,20.0,41.0
2026-02-01,Cable Crossover,8,912.0,10.7,15.4
2026-02-01,Chest Dip,12,1910.0,13.3,35.8
2026-02-01,Hack Squat,16,6715.0,42.8,86.3
2026-02-01,Hammer Curl (Dumbbell),4,560.0,14.0,19.1
2026-02-01,Incline Bench Press (Dumbbell),10,3158.0,30.0,46.5
2026-02-01,Incline Curl (Dumbbell),12,1434.0,12.0,18.2
2026-02-01,Lat Pulldown (Cable),16,12416.0,74.8,109.3
2026-02-01,Lateral Raise (Cable),8,690.0,7.0,11.0
2026-02-01,Lateral Raise (Dumbbell),11,1336.0,7.5,12.8
2026-02-01,Leg Extension (Machine),15,15721.0,75.5,131.3
2026-02-01,Lying Leg Curl (Machine),6,3830.0,61.3,86.7
2026-02-01,Overhead Press (Smith Machine),12,3995.0,33.8,50.7
2026-02-01,Pull Up,8,778.0,11.8,24.0
2026-02-01,Reverse Fly (Machine),21,15405.0,53.6,84.3
2026-02-01,Romanian Deadlift (Barbell),24,13240.0,48.3,84.0
2026-02-01,Seated Leg Curl (Machine),16,12203.0,65.9,96.8
2026-02-01,Seated Row (Machine),6,5490.0,83.3,119.0
2026-02-01,Shrug (Dumbbell),16,7950.0,31.0,51.2
2026-02-01,Skullcrusher (Barbell),3,1151.0,29.5,44.3
2026-02-01,Standing Calf Raise (Machine),8,11365.0,92.5,152.0
2026-02-01,T Bar Row,16,7120.0,42.8,61.5
2026-02-01,Triceps Extension (Cable),12,3572.0,22.6,36.7
2026-02-01,Upright Row (Cable),8,2433.0,25.9,39.3
2026-03-01,Bench Press (Barbell),13,10390.0,70.8,109.3
2026-03-01,Bent Over One Arm Row (Dumbbell),3,1118.0,28.7,43.0
2026-03-01,Bulgarien Split SMITH,12,3145.0,27.5,48.0
2026-03-01,Cable Crossover,4,733.0,13.1,20.6
2026-03-01,Chest Dip,4,835.0,16.3,35.8
2026-03-01,Chest Fly,8,7390.0,68.4,103.9
2026-03-01,Front Raise (Barbell),8,1093.0,9.5,14.3
2026-03-01,Hammer Curl (Dumbbell),11,1508.0,12.2,18.7
2026-03-01,Lateral Raise (Dumbbell),8,970.0,7.0,12.8
2026-03-01,Leg Extension (Machine),14,17064.0,81.9,148.0
2026-03-01,Lying Leg Curl (Machine),3,1650.0,50.0,71.7
2026-03-01,Pull Up,8,674.0,9.5,19.5
2026-03-01,Pullover (Machine),4,1755.0,24.4,42.0
2026-03-01,Reverse Fly (Machine),8,5980.0,52.5,84.3
2026-03-01,Romanian Deadlift (Barbell),9,5410.0,51.1,98.0
2026-03-01,Seated Leg Curl (Machine),4,3010.0,68.1,96.8
2026-03-01,Seated Row (Machine),4,3750.0,78.1,112.0
2026-03-01,Skullcrusher (Barbell),3,1151.0,29.5,44.3
2026-03-01,Triceps Extension (Cable),6,2203.0,23.1,39.6
2026-03-01,Triceps Pushdown (Cable - Straight Bar),3,1539.0,35.0,55.6
2026-04-01,Bench Press (Barbell),4,3110.0,70.0,109.3
2026-04-01,Bent Over One Arm Row (Dumbbell),4,1392.0,29.0,42.0
2026-04-01,Bicep Curl (Cable),4,488.0,11.6,16.4
2026-04-01,Bulgarien Split SMITH,3,464.0,16.0,22.4
2026-04-01,Chest Dip,12,2680.0,18.3,43.0
2026-04-01,Chest Fly,3,2788.0,70.0,103.9
2026-04-01,Hack Squat,5,1985.0,39.0,61.5
2026-04-01,Hammer Curl (Dumbbell),18,2404.0,12.1,17.7
2026-04-01,Incline Bench Press (Dumbbell),4,1328.0,31.0,43.7
2026-04-01,Incline Curl (Dumbbell),15,2124.0,12.0,17.2
2026-04-01,Lat Pulldown (Cable),3,2609.0,72.7,107.5
2026-04-01,Lateral Raise (Dumbbell),12,1316.0,8.5,14.3
2026-04-01,Lateral Raise (Machine),4,1310.0,23.8,42.2
2026-04-01,Leg Extension (Machine),15,18150.0,81.5,142.5
2026-04-01,Lying Leg Curl (Machine),21,14010.0,55.0,92.0
2026-04-01,Overhead Press (Dumbbell),11,3314.0,26.5,39.2
2026-04-01,Pendulum Squat,6,2090.0,39.2,63.3
2026-04-01,Pull Up,12,1105.0,9.2,26.7
2026-04-01,Pullover (Machine),6,2268.0,27.0,39.6
2026-04-01,Reverse Fly (Machine),13,10130.0,53.8,84.3
2026-04-01,Romanian Deadlift (Barbell),12,6750.0,48.3,84.0
2026-04-01,Seated Leg Curl (Machine),3,2423.0,68.3,99.1
2026-04-01,Seated Overhead Press (Dumbbell),7,1970.0,26.0,38.3
2026-04-01,Seated Row (Cable),3,2540.0,66.7,100.3
2026-04-01,Skullcrusher (Barbell),3,1091.0,27.8,44.3
2026-04-01,T Bar Row,4,2020.0,42.5,63.0
2026-04-01,Triceps Extension,7,875.0,8.8,13.1
2026-04-01,Triceps Extension (Cable),7,2193.0,22.7,35.6
2026-04-01,Triceps Extensions Stange,4,1411.0,24.6,39.4
2026-05-01,Archer Pull,4,3445.0,66.3,100.3
2026-05-01,Bench Press (Barbell),5,3305.0,74.0,107.7
2026-05-01,Bicep Curl (Cable),3,387.0,11.8,16.4
2026-05-01,Bulgarien Split SMITH,11,1950.0,17.3,39.0
2026-05-01,Cable Crossover,4,733.0,13.1,20.6
2026-05-01,Hack Squat,17,5825.0,37.9,61.5
2026-05-01,Hammer Curl (Dumbbell),13,1764.0,13.8,21.9
2026-05-01,Incline Bench Press (Dumbbell),18,6102.0,31.8,49.2
2026-05-01,Incline Curl (Dumbbell),11,1556.0,13.8,19.6
2026-05-01,Lateral Raise (Dumbbell),20,2520.0,8.0,12.8
2026-05-01,Lateral Raise (Machine),4,1310.0,23.8,42.2
2026-05-01,Leg Extension (Machine),8,9525.0,79.4,138.8
2026-05-01,Lying Leg Curl (Machine),20,11875.0,56.3,84.0
2026-05-01,Pull Up,10,972.0,9.8,25.2
2026-05-01,Pullover (Machine),11,4077.0,27.0,39.6
2026-05-01,Reverse Fly (Machine),20,15325.0,53.8,82.5
2026-05-01,Romanian Deadlift (Barbell),15,7060.0,44.7,82.0
2026-05-01,Seated Overhead Press (Dumbbell),3,858.0,26.0,35.5
2026-05-01,Seated Row (Machine),4,3750.0,78.1,112.0
2026-05-01,Skullcrusher (Barbell),3,1026.0,27.0,39.6
2026-05-01,T Bar Row,25,13270.0,47.2,82.0
2026-05-01,Triceps Extension (Cable),4,1239.0,22.8,34.0
2026-05-01,Triceps Pushdown (Cable - Straight Bar),12,6030.0,35.3,55.6
2026-05-01,Upright Row (Cable),14,4264.0,25.5,37.6
2026-05-01,Wrist Curl Cable,20,13347.0,27.8,57.0
